Time,Average,Year,Month,Day,YearMonth,Index
2021-03-17,33.64484126984127,2021,3,17,2021-03,1
2021-03-18,33.39186507936508,2021,3,18,2021-03,1
2021-03-19,33.42957042957043,2021,3,19,2021-03,1
2021-03-20,34.74404761904761,2021,3,20,2021-03,1
2021-03-21,40.030753968253975,2021,3,21,2021-03,1
2021-03-22,34.336309523809526,2021,3,22,2021-03,1
2021-03-23,33.06944444444444,2021,3,23,2021-03,1
2021-03-24,33.355158730158735,2021,3,24,2021-03,1
2021-03-25,34.03769841269842,2021,3,25,2021-03,1
2021-03-26,33.29670329670329,2021,3,26,2021-03,1
2021-03-27,33.46626984126984,2021,3,27,2021-03,1
2021-03-28,37.514880952380956,2021,3,28,2021-03,1
2021-03-29,34.39484126984127,2021,3,29,2021-03,1
2021-03-30,33.53670634920635,2021,3,30,2021-03,1
2021-03-31,33.84424603174603,2021,3,31,2021-03,1
2021-04-01,33.742063492063494,2021,4,1,2021-04,2
2021-04-02,33.83134920634921,2021,4,2,2021-04,2
2021-04-03,33.49107142857142,2021,4,3,2021-04,2
2021-04-04,36.64980158730159,2021,4,4,2021-04,2
2021-04-05,35.11309523809524,2021,4,5,2021-04,2
2021-04-06,33.65873015873016,2021,4,6,2021-04,2
2021-04-07,33.5734126984127,2021,4,7,2021-04,2
2021-04-08,33.24007936507936,2021,4,8,2021-04,2
2021-04-09,34.5109126984127,2021,4,9,2021-04,2
2021-04-10,33.31845238095238,2021,4,10,2021-04,2
2021-04-11,33.68353174603175,2021,4,11,2021-04,2
2021-04-12,33.592261904761905,2021,4,12,2021-04,2
2021-04-13,34.27876984126984,2021,4,13,2021-04,2
2021-04-14,34.03670634920635,2021,4,14,2021-04,2
2021-04-15,33.30357142857143,2021,4,15,2021-04,2
2021-04-16,33.69345238095239,2021,4,16,2021-04,2
2021-04-17,35.6438492063492,2021,4,17,2021-04,2
2021-04-18,35.60019841269841,2021,4,18,2021-04,2
2021-04-19,33.44444444444445,2021,4,19,2021-04,2
2021-04-20,33.26587301587301,2021,4,20,2021-04,2
2021-04-21,32.94246031746032,2021,4,21,2021-04,2
2021-04-22,33.25694444444445,2021,4,22,2021-04,2
2021-04-23,33.65972222222222,2021,4,23,2021-04,2
2021-04-24,33.964285714285715,2021,4,24,2021-04,2
2021-04-25,33.6875,2021,4,25,2021-04,2
2021-04-26,33.47420634920635,2021,4,26,2021-04,2
2021-04-27,33.583333333333336,2021,4,27,2021-04,2
2021-04-28,34.18650793650794,2021,4,28,2021-04,2
2021-04-29,37.09623015873016,2021,4,29,2021-04,2
2021-04-30,34.620039682539684,2021,4,30,2021-04,2
2021-05-01,34.61607142857142,2021,5,1,2021-05,3
2021-05-02,36.5625,2021,5,2,2021-05,3
2021-05-03,33.9593253968254,2021,5,3,2021-05,3
2021-05-04,33.273809523809526,2021,5,4,2021-05,3
2021-05-05,34.53769841269842,2021,5,5,2021-05,3
2021-05-06,33.43154761904762,2021,5,6,2021-05,3
2021-05-07,33.83730158730159,2021,5,7,2021-05,3
2021-05-08,34.011904761904766,2021,5,8,2021-05,3
2021-05-09,34.602182539682545,2021,5,9,2021-05,3
2021-05-10,34.208333333333336,2021,5,10,2021-05,3
2021-05-11,34.0436507936508,2021,5,11,2021-05,3
2021-05-12,33.557539682539684,2021,5,12,2021-05,3
2021-05-13,33.467261904761905,2021,5,13,2021-05,3
2021-05-14,33.92956349206349,2021,5,14,2021-05,3
2021-05-15,34.10416666666666,2021,5,15,2021-05,3
2021-05-16,34.41369047619048,2021,5,16,2021-05,3
2021-05-17,36.46230158730159,2021,5,17,2021-05,3
2021-05-18,34.83134920634921,2021,5,18,2021-05,3
2021-05-19,35.66666666666667,2021,5,19,2021-05,3
2021-05-20,33.16071428571429,2021,5,20,2021-05,3
2021-05-21,39.46230158730158,2021,5,21,2021-05,3
2021-05-22,36.913690476190474,2021,5,22,2021-05,3
2021-05-23,35.414682539682545,2021,5,23,2021-05,3
2021-05-24,33.1656746031746,2021,5,24,2021-05,3
2021-05-25,33.92857142857143,2021,5,25,2021-05,3
2021-05-26,33.84424603174603,2021,5,26,2021-05,3
2021-05-27,35.59623015873016,2021,5,27,2021-05,3
2021-05-28,34.11607142857142,2021,5,28,2021-05,3
2021-05-29,33.93154761904762,2021,5,29,2021-05,3
2021-05-30,33.21329365079365,2021,5,30,2021-05,3
2021-05-31,33.16170634920635,2021,5,31,2021-05,3
2021-06-01,33.21626984126984,2021,6,1,2021-06,4
2021-06-02,33.550595238095234,2021,6,2,2021-06,4
2021-06-03,33.891865079365076,2021,6,3,2021-06,4
2021-06-04,38.419642857142854,2021,6,4,2021-06,4
2021-06-05,33.45734126984128,2021,6,5,2021-06,4
2021-06-06,34.01686507936508,2021,6,6,2021-06,4
2021-06-07,33.69146825396826,2021,6,7,2021-06,4
2021-06-08,34.45337301587302,2021,6,8,2021-06,4
2021-06-09,33.77777777777778,2021,6,9,2021-06,4
2021-06-10,33.9156746031746,2021,6,10,2021-06,4
2021-06-11,33.96303696303696,2021,6,11,2021-06,4
2021-06-12,33.950049950049944,2021,6,12,2021-06,4
2021-06-13,34.52147852147852,2021,6,13,2021-06,4
2021-06-14,35.71924603174604,2021,6,14,2021-06,4
2021-06-15,35.29365079365079,2021,6,15,2021-06,4
2021-06-16,33.942460317460316,2021,6,16,2021-06,4
2021-06-17,33.43551587301588,2021,6,17,2021-06,4
2021-06-18,33.68452380952381,2021,6,18,2021-06,4
2021-06-19,34.33333333333333,2021,6,19,2021-06,4
2021-06-20,33.983134920634924,2021,6,20,2021-06,4
2021-06-21,33.56646825396826,2021,6,21,2021-06,4
2021-06-22,34.46031746031746,2021,6,22,2021-06,4
2021-06-23,35.03373015873016,2021,6,23,2021-06,4
2021-06-24,34.97402597402598,2021,6,24,2021-06,4
2021-06-25,33.67460317460318,2021,6,25,2021-06,4
2021-06-26,34.31150793650794,2021,6,26,2021-06,4
2021-06-27,34.09126984126984,2021,6,27,2021-06,4
2021-06-28,34.31845238095238,2021,6,28,2021-06,4
2021-06-29,34.12896825396825,2021,6,29,2021-06,4
2021-06-30,33.7952047952048,2021,6,30,2021-06,4
2021-07-01,33.89410589410589,2021,7,1,2021-07,5
2021-07-02,33.65376984126984,2021,7,2,2021-07,5
2021-07-03,33.85912698412698,2021,7,3,2021-07,5
2021-07-04,34.801587301587304,2021,7,4,2021-07,5
2021-07-05,35.57539682539682,2021,7,5,2021-07,5
2021-07-06,33.49499111999113,2021,7,6,2021-07,5
2021-07-07,36.526473526473524,2021,7,7,2021-07,5
2021-07-08,35.24007936507936,2021,7,8,2021-07,5
2021-07-09,34.73115079365079,2021,7,9,2021-07,5
2021-07-10,35.38095238095238,2021,7,10,2021-07,5
2021-07-11,34.20932539682539,2021,7,11,2021-07,5
2021-07-12,36.20238095238095,2021,7,12,2021-07,5
2021-07-13,35.21327967806841,2021,7,13,2021-07,5
2021-07-14,33.10218253968254,2021,7,14,2021-07,5
2021-07-15,33.18253968253968,2021,7,15,2021-07,5
2021-07-16,33.58134920634921,2021,7,16,2021-07,5
2021-07-17,34.471528471528465,2021,7,17,2021-07,5
2021-07-18,34.5218253968254,2021,7,18,2021-07,5
2021-07-19,34.47916666666667,2021,7,19,2021-07,5
2021-07-20,34.49801587301587,2021,7,20,2021-07,5
2021-07-21,34.660714285714285,2021,7,21,2021-07,5
2021-07-22,34.586309523809526,2021,7,22,2021-07,5
2021-07-23,34.53146853146854,2021,7,23,2021-07,5
2021-07-24,34.188811188811194,2021,7,24,2021-07,5
2021-07-25,34.16765873015873,2021,7,25,2021-07,5
2021-07-26,33.88531187122736,2021,7,26,2021-07,5
2021-07-27,33.814484126984134,2021,7,27,2021-07,5
2021-07-28,34.74305555555555,2021,7,28,2021-07,5
2021-07-29,34.18948412698413,2021,7,29,2021-07,5
2021-07-30,33.413586413586415,2021,7,30,2021-07,5
2021-07-31,33.98401598401598,2021,7,31,2021-07,5
2021-08-01,34.226773226773226,2021,8,1,2021-08,6
2021-08-02,33.65873015873016,2021,8,2,2021-08,6
2021-08-03,33.64781746031746,2021,8,3,2021-08,6
2021-08-04,34.648809523809526,2021,8,4,2021-08,6
2021-08-05,34.407738095238095,2021,8,5,2021-08,6
2021-08-06,34.30853174603175,2021,8,6,2021-08,6
2021-08-07,33.943661971830984,2021,8,7,2021-08,6
2021-08-08,34.19543650793651,2021,8,8,2021-08,6
2021-08-09,34.85214785214786,2021,8,9,2021-08,6
2021-08-10,36.44444444444445,2021,8,10,2021-08,6
2021-08-11,33.73115079365079,2021,8,11,2021-08,6
2021-08-12,33.717261904761905,2021,8,12,2021-08,6
2021-08-13,34.891865079365076,2021,8,13,2021-08,6
2021-08-14,35.36607142857143,2021,8,14,2021-08,6
2021-08-15,33.461309523809526,2021,8,15,2021-08,6
2021-08-16,33.14980158730159,2021,8,16,2021-08,6
2021-08-17,34.56051587301587,2021,8,17,2021-08,6
2021-08-18,33.839285714285715,2021,8,18,2021-08,6
2021-08-19,33.11210317460318,2021,8,19,2021-08,6
2021-08-20,34.09617839889579,2021,8,20,2021-08,6
2021-08-21,28.82440476190476,2021,8,21,2021-08,6
2021-08-22,28.810515873015873,2021,8,22,2021-08,6
2021-08-23,34.9508712905452,2021,8,23,2021-08,6
2021-08-24,34.448412698412696,2021,8,24,2021-08,6
2021-08-25,39.8015873015873,2021,8,25,2021-08,6
2021-08-26,33.93306693306693,2021,8,26,2021-08,6
2021-08-27,33.91890287929892,2021,8,27,2021-08,6
2021-08-28,28.90909090909091,2021,8,28,2021-08,6
2021-08-29,27.996031746031747,2021,8,29,2021-08,6
2021-08-30,34.39484126984127,2021,8,30,2021-08,6
2021-08-31,34.1061507936508,2021,8,31,2021-08,6
2021-09-01,34.13095238095238,2021,9,1,2021-09,7
2021-09-02,34.279761904761905,2021,9,2,2021-09,7
2021-09-03,34.120039682539684,2021,9,3,2021-09,7
2021-09-04,34.800595238095234,2021,9,4,2021-09,7
2021-09-05,33.76686507936508,2021,9,5,2021-09,7
2021-09-06,33.658730158730165,2021,9,6,2021-09,7
2021-09-07,33.6984126984127,2021,9,7,2021-09,7
2021-09-08,34.828171828171826,2021,9,8,2021-09,7
2021-09-09,34.489087301587304,2021,9,9,2021-09,7
2021-09-10,34.24603174603175,2021,9,10,2021-09,7
2021-09-11,34.90674603174603,2021,9,11,2021-09,7
2021-09-12,34.49007936507936,2021,9,12,2021-09,7
2021-09-13,34.03472222222222,2021,9,13,2021-09,7
2021-09-14,34.12797619047619,2021,9,14,2021-09,7
2021-09-15,34.445436507936506,2021,9,15,2021-09,7
2021-09-16,33.7906746031746,2021,9,16,2021-09,7
2021-09-17,34.24404761904761,2021,9,17,2021-09,7
2021-09-18,38.25099206349206,2021,9,18,2021-09,7
2021-09-19,33.699404761904766,2021,9,19,2021-09,7
2021-09-20,34.47852147852148,2021,9,20,2021-09,7
2021-09-21,34.15873015873016,2021,9,21,2021-09,7
2021-09-22,35.0218253968254,2021,9,22,2021-09,7
2021-09-23,34.511904761904766,2021,9,23,2021-09,7
2021-09-24,34.21924603174603,2021,9,24,2021-09,7
2021-09-25,33.5029761904762,2021,9,25,2021-09,7
2021-09-26,33.68353174603175,2021,9,26,2021-09,7
2021-09-27,33.586309523809526,2021,9,27,2021-09,7
2021-09-28,33.722277722277724,2021,9,28,2021-09,7
2021-09-29,33.77480158730159,2021,9,29,2021-09,7
2021-09-30,33.83234126984127,2021,9,30,2021-09,7
2021-10-01,36.72718253968254,2021,10,1,2021-10,8
2021-10-02,33.44444444444445,2021,10,2,2021-10,8
2021-10-03,34.13392857142857,2021,10,3,2021-10,8
2021-10-04,33.979166666666664,2021,10,4,2021-10,8
2021-10-05,39.2718253968254,2021,10,5,2021-10,8
2021-10-06,35.92361111111111,2021,10,6,2021-10,8
2021-10-07,33.84027777777778,2021,10,7,2021-10,8
2021-10-08,34.489087301587304,2021,10,8,2021-10,8
2021-10-09,33.639880952380956,2021,10,9,2021-10,8
2021-10-10,33.78670634920635,2021,10,10,2021-10,8
2021-10-11,34.39682539682539,2021,10,11,2021-10,8
2021-10-12,34.708333333333336,2021,10,12,2021-10,8
2021-10-13,34.801587301587304,2021,10,13,2021-10,8
2021-10-14,34.06547619047619,2021,10,14,2021-10,8
2021-10-15,34.336309523809526,2021,10,15,2021-10,8
2021-10-16,40.47552447552448,2021,10,16,2021-10,8
2021-10-17,34.620039682539684,2021,10,17,2021-10,8
2021-10-18,34.079365079365076,2021,10,18,2021-10,8
2021-10-19,34.19543650793651,2021,10,19,2021-10,8
2021-10-20,35.73526473526473,2021,10,20,2021-10,8
2021-10-21,33.732142857142854,2021,10,21,2021-10,8
2021-10-22,34.137082098211444,2021,10,22,2021-10,8
2021-10-23,26.37698412698413,2021,10,23,2021-10,8
2021-10-24,26.18948412698413,2021,10,24,2021-10,8
2021-10-25,33.94894372140916,2021,10,25,2021-10,8
2021-10-26,35.461309523809526,2021,10,26,2021-10,8
2021-10-27,33.93650793650794,2021,10,27,2021-10,8
2021-10-28,34.46825396825397,2021,10,28,2021-10,8
2021-10-29,34.18650793650794,2021,10,29,2021-10,8
2021-10-30,34.523809523809526,2021,10,30,2021-10,8
2021-10-31,34.78472222222222,2021,10,31,2021-10,8
2021-11-01,34.595238095238095,2021,11,1,2021-11,9
2021-11-02,35.80952380952381,2021,11,2,2021-11,9
2021-11-03,34.15884115884116,2021,11,3,2021-11,9
2021-11-04,33.55952380952381,2021,11,4,2021-11,9
2021-11-05,34.333333333333336,2021,11,5,2021-11,9
2021-11-06,34.199404761904766,2021,11,6,2021-11,9
2021-11-07,34.24999999999999,2021,11,7,2021-11,9
2021-11-08,34.07704684695836,2021,11,8,2021-11,9
2021-11-09,35.11502715121136,2021,11,9,2021-11,9
2021-11-10,35.519480519480524,2021,11,10,2021-11,9
2021-11-11,38.72350759144238,2021,11,11,2021-11,9
2021-11-12,35.73288480525323,2021,11,12,2021-11,9
2021-11-13,34.467261904761905,2021,11,13,2021-11,9
2021-11-14,34.150793650793645,2021,11,14,2021-11,9
2021-11-15,34.38290028555515,2021,11,15,2021-11,9
2021-11-16,34.06646825396825,2021,11,16,2021-11,9
2021-11-17,34.236111111111114,2021,11,17,2021-11,9
2021-11-18,34.995005473453745,2021,11,18,2021-11,9
2021-11-19,34.18848166468238,2021,11,19,2021-11,9
2021-11-20,22.058531746031747,2021,11,20,2021-11,9
2021-11-21,22.889880952380953,2021,11,21,2021-11,9
2021-11-22,37.95079365079365,2021,11,22,2021-11,9
2021-11-23,41.80357142857142,2021,11,23,2021-11,9
2021-11-24,40.19940476190476,2021,11,24,2021-11,9
2021-11-25,36.593253968253975,2021,11,25,2021-11,9
2021-11-26,34.86904761904762,2021,11,26,2021-11,9
2021-11-27,34.53472222222222,2021,11,27,2021-11,9
2021-11-28,33.81646825396826,2021,11,28,2021-11,9
2021-11-29,34.03396603396603,2021,11,29,2021-11,9
2021-11-30,33.84027777777778,2021,11,30,2021-11,9
2021-12-01,38.948412698412696,2021,12,1,2021-12,10
2021-12-02,36.94146825396825,2021,12,2,2021-12,10
2021-12-03,33.75824175824176,2021,12,3,2021-12,10
2021-12-04,35.526785714285715,2021,12,4,2021-12,10
2021-12-05,34.37400793650794,2021,12,5,2021-12,10
2021-12-06,34.232142857142854,2021,12,6,2021-12,10
2021-12-07,34.73326673326674,2021,12,7,2021-12,10
2021-12-08,34.336309523809526,2021,12,8,2021-12,10
2021-12-09,33.63492063492064,2021,12,9,2021-12,10
2021-12-10,34.5044955044955,2021,12,10,2021-12,10
2021-12-11,34.38789682539683,2021,12,11,2021-12,10
2021-12-12,38.19315895372233,2021,12,12,2021-12,10
2021-12-13,37.00603621730382,2021,12,13,2021-12,10
2021-12-14,33.14980158730159,2021,12,14,2021-12,10
2021-12-15,34.44742063492064,2021,12,15,2021-12,10
2021-12-16,36.34265734265734,2021,12,16,2021-12,10
2021-12-17,36.94047619047619,2021,12,17,2021-12,10
2021-12-18,34.21924603174603,2021,12,18,2021-12,10
2021-12-19,33.28071928071928,2021,12,19,2021-12,10
2021-12-20,34.660965794768615,2021,12,20,2021-12,10
2021-12-21,36.5188492063492,2021,12,21,2021-12,10
2021-12-22,33.432539682539684,2021,12,22,2021-12,10
2021-12-23,33.445436507936506,2021,12,23,2021-12,10
2021-12-24,34.92956349206349,2021,12,24,2021-12,10
2021-12-25,34.86111111111111,2021,12,25,2021-12,10
2021-12-26,34.21626984126984,2021,12,26,2021-12,10
2021-12-27,33.4970238095238,2021,12,27,2021-12,10
2021-12-28,31.35019841269841,2021,12,28,2021-12,10
2021-12-29,31.828373015873012,2021,12,29,2021-12,10
2021-12-30,32.52447552447552,2021,12,30,2021-12,10
2021-12-31,31.587301587301585,2021,12,31,2021-12,10
2022-01-01,31.782738095238095,2022,1,1,2022-01,11
2022-01-02,31.350198412698408,2022,1,2,2022-01,11
2022-01-03,29.961309523809526,2022,1,3,2022-01,11
2022-01-04,30.084915084915085,2022,1,4,2022-01,11
2022-01-05,29.969030969030964,2022,1,5,2022-01,11
2022-01-06,30.484126984126984,2022,1,6,2022-01,11
2022-01-07,31.623015873015873,2022,1,7,2022-01,11
2022-01-08,29.227182539682538,2022,1,8,2022-01,11
2022-01-09,31.124007936507933,2022,1,9,2022-01,11
2022-01-10,29.671626984126984,2022,1,10,2022-01,11
2022-01-11,34.5515873015873,2022,1,11,2022-01,11
2022-01-12,36.261904761904766,2022,1,12,2022-01,11
2022-01-13,28.583416583416582,2022,1,13,2022-01,11
2022-01-14,29.31746031746032,2022,1,14,2022-01,11
2022-01-15,27.999007936507933,2022,1,15,2022-01,11
2022-01-16,29.794642857142858,2022,1,16,2022-01,11
2022-01-17,29.20979020979021,2022,1,17,2022-01,11
2022-01-18,31.456543456543454,2022,1,18,2022-01,11
2022-01-19,29.430555555555554,2022,1,19,2022-01,11
2022-01-20,29.89010989010989,2022,1,20,2022-01,11
2022-01-21,28.346230158730158,2022,1,21,2022-01,11
2022-01-22,27.883928571428577,2022,1,22,2022-01,11
2022-01-23,28.84027777777777,2022,1,23,2022-01,11
2022-01-24,28.944055944055947,2022,1,24,2022-01,11
2022-01-25,29.064935064935064,2022,1,25,2022-01,11
2022-01-26,29.63095238095238,2022,1,26,2022-01,11
2022-01-27,29.669330669330666,2022,1,27,2022-01,11
2022-01-28,29.49206349206349,2022,1,28,2022-01,11
2022-01-29,29.29563492063492,2022,1,29,2022-01,11
2022-01-30,29.149850149850156,2022,1,30,2022-01,11
2022-01-31,29.306693306693308,2022,1,31,2022-01,11
2022-02-01,29.18055555555556,2022,2,1,2022-02,12
2022-02-02,29.33466533466534,2022,2,2,2022-02,12
2022-02-03,29.4077380952381,2022,2,3,2022-02,12
2022-02-04,29.251984126984127,2022,2,4,2022-02,12
2022-02-05,30.482517482517487,2022,2,5,2022-02,12
2022-02-06,29.96230158730159,2022,2,6,2022-02,12
2022-02-07,29.508928571428573,2022,2,7,2022-02,12
2022-02-08,29.469246031746028,2022,2,8,2022-02,12
2022-02-09,29.29761904761904,2022,2,9,2022-02,12
2022-02-10,30.482066544566543,2022,2,10,2022-02,12
2022-02-11,23.810515873015873,2022,2,11,2022-02,12
2022-02-12,24.84015984015984,2022,2,12,2022-02,12
2022-02-13,24.299603174603174,2022,2,13,2022-02,12
2022-02-14,30.565792342578057,2022,2,14,2022-02,12
2022-02-15,31.7093253968254,2022,2,15,2022-02,12
2022-02-16,32.44444444444444,2022,2,16,2022-02,12
2022-02-17,30.650349650349654,2022,2,17,2022-02,12
2022-02-18,30.303696303696306,2022,2,18,2022-02,12
2022-02-19,30.075924075924082,2022,2,19,2022-02,12
2022-02-20,31.83531746031746,2022,2,20,2022-02,12
2022-02-21,32.77380952380952,2022,2,21,2022-02,12
2022-02-22,29.931547619047624,2022,2,22,2022-02,12
2022-02-23,29.660714285714285,2022,2,23,2022-02,12
2022-02-24,29.458333333333336,2022,2,24,2022-02,12
2022-02-25,30.035714285714285,2022,2,25,2022-02,12
2022-02-26,30.587301587301585,2022,2,26,2022-02,12
2022-02-27,33.74625374625375,2022,2,27,2022-02,12
2022-02-28,31.67460317460318,2022,2,28,2022-02,12
2022-03-01,32.642857142857146,2022,3,1,2022-03,13
2022-03-02,31.184523809523814,2022,3,2,2022-03,13
2022-03-03,34.89484126984127,2022,3,3,2022-03,13
2022-03-04,31.26884920634921,2022,3,4,2022-03,13
2022-03-05,34.2364185110664,2022,3,5,2022-03,13
2022-03-06,36.891865079365076,2022,3,6,2022-03,13
2022-03-07,30.526785714285715,2022,3,7,2022-03,13
2022-03-08,31.175595238095237,2022,3,8,2022-03,13
2022-03-09,31.877976190476183,2022,3,9,2022-03,13
2022-03-10,32.12103174603174,2022,3,10,2022-03,13
2022-03-11,32.300595238095234,2022,3,11,2022-03,13
2022-03-12,32.50595238095237,2022,3,12,2022-03,13
2022-03-13,36.204365079365076,2022,3,13,2022-03,13
2022-03-14,35.78273809523809,2022,3,14,2022-03,13
2022-03-15,35.782738095238095,2022,3,15,2022-03,13
2022-03-16,32.84722222222222,2022,3,16,2022-03,13
2022-03-17,33.80654761904762,2022,3,17,2022-03,13
2022-03-18,34.95604395604396,2022,3,18,2022-03,13
2022-03-19,34.20734126984127,2022,3,19,2022-03,13
2022-03-20,30.265873015873016,2022,3,20,2022-03,13
2022-03-21,31.497023809523814,2022,3,21,2022-03,13
2022-03-22,31.986111111111118,2022,3,22,2022-03,13
2022-03-23,32.65575396825397,2022,3,23,2022-03,13
2022-03-24,33.18055555555556,2022,3,24,2022-03,13
2022-03-25,32.95833333333333,2022,3,25,2022-03,13
2022-03-26,37.93055555555555,2022,3,26,2022-03,13
2022-03-27,34.04895104895105,2022,3,27,2022-03,13
2022-03-28,34.36111111111111,2022,3,28,2022-03,13
2022-03-29,33.05654761904761,2022,3,29,2022-03,13
2022-03-30,33.32667332667332,2022,3,30,2022-03,13
2022-03-31,34.198412698412696,2022,3,31,2022-03,13
2022-04-01,33.373015873015866,2022,4,1,2022-04,14
2022-04-02,33.18154761904762,2022,4,2,2022-04,14
2022-04-03,33.613386613386616,2022,4,3,2022-04,14
2022-04-04,34.000999000999,2022,4,4,2022-04,14
2022-04-05,33.287712287712296,2022,4,5,2022-04,14
2022-04-06,33.16983016983017,2022,4,6,2022-04,14
2022-04-07,33.692460317460316,2022,4,7,2022-04,14
2022-04-08,33.67857142857144,2022,4,8,2022-04,14
2022-04-09,33.67857142857143,2022,4,9,2022-04,14
2022-04-10,33.754960317460316,2022,4,10,2022-04,14
2022-04-11,34.039960039960036,2022,4,11,2022-04,14
2022-04-12,34.44755244755245,2022,4,12,2022-04,14
2022-04-13,34.382936507936506,2022,4,13,2022-04,14
2022-04-14,34.99107142857143,2022,4,14,2022-04,14
2022-04-15,36.30456349206349,2022,4,15,2022-04,14
2022-04-16,33.756243756243755,2022,4,16,2022-04,14
2022-04-17,33.30176237161531,2022,4,17,2022-04,14
2022-04-18,33.54225352112676,2022,4,18,2022-04,14
2022-04-19,33.35010060362173,2022,4,19,2022-04,14
2022-04-20,33.541666666666664,2022,4,20,2022-04,14
2022-04-21,33.62599206349206,2022,4,21,2022-04,14
2022-04-22,34.54662698412698,2022,4,22,2022-04,14
2022-04-23,33.7082917082917,2022,4,23,2022-04,14
2022-04-24,33.61607142857142,2022,4,24,2022-04,14
2022-04-25,34.098214285714285,2022,4,25,2022-04,14
2022-04-26,37.266865079365076,2022,4,26,2022-04,14
2022-04-27,35.1140873015873,2022,4,27,2022-04,14
2022-04-28,33.00099206349206,2022,4,28,2022-04,14
2022-04-29,36.60615079365079,2022,4,29,2022-04,14
2022-04-30,33.520833333333336,2022,4,30,2022-04,14
2022-05-01,35.44940476190476,2022,5,1,2022-05,15
2022-05-02,33.141865079365076,2022,5,2,2022-05,15
2022-05-03,33.38690476190476,2022,5,3,2022-05,15
2022-05-04,33.38690476190475,2022,5,4,2022-05,15
2022-05-05,33.743256743256744,2022,5,5,2022-05,15
2022-05-06,34.07440476190476,2022,5,6,2022-05,15
2022-05-07,33.80853174603175,2022,5,7,2022-05,15
2022-05-08,33.32539682539682,2022,5,8,2022-05,15
2022-05-09,33.35615079365079,2022,5,9,2022-05,15
2022-05-10,33.565434565434565,2022,5,10,2022-05,15
2022-05-11,33.81318681318682,2022,5,11,2022-05,15
2022-05-12,33.65277777777778,2022,5,12,2022-05,15
2022-05-13,34.44444444444444,2022,5,13,2022-05,15
2022-05-14,34.4005994005994,2022,5,14,2022-05,15
2022-05-15,33.62896825396826,2022,5,15,2022-05,15
2022-05-16,33.86111111111111,2022,5,16,2022-05,15
2022-05-17,33.941468253968246,2022,5,17,2022-05,15
2022-05-18,34.09027777777778,2022,5,18,2022-05,15
2022-05-19,34.229166666666664,2022,5,19,2022-05,15
2022-05-20,34.21878121878122,2022,5,20,2022-05,15
2022-05-21,34.75297619047619,2022,5,21,2022-05,15
2022-05-22,34.8531746031746,2022,5,22,2022-05,15
2022-05-23,33.892857142857146,2022,5,23,2022-05,15
2022-05-24,33.85912698412698,2022,5,24,2022-05,15
2022-05-25,34.307539682539684,2022,5,25,2022-05,15
2022-05-26,34.03196803196803,2022,5,26,2022-05,15
2022-05-27,36.07092907092907,2022,5,27,2022-05,15
2022-05-28,33.7906746031746,2022,5,28,2022-05,15
2022-05-29,33.51984126984127,2022,5,29,2022-05,15
2022-05-30,33.36805555555555,2022,5,30,2022-05,15
2022-05-31,35.19742063492063,2022,5,31,2022-05,15
2022-06-01,33.5188492063492,2022,6,1,2022-06,16
2022-06-02,37.25198412698412,2022,6,2,2022-06,16
2022-06-03,35.83829365079365,2022,6,3,2022-06,16
2022-06-04,33.136904761904766,2022,6,4,2022-06,16
2022-06-05,33.00198412698413,2022,6,5,2022-06,16
2022-06-06,34.896103896103895,2022,6,6,2022-06,16
2022-06-07,35.57342657342657,2022,6,7,2022-06,16
2022-06-08,32.87412587412587,2022,6,8,2022-06,16
2022-06-09,32.87212787212787,2022,6,9,2022-06,16
2022-06-10,33.595238095238095,2022,6,10,2022-06,16
2022-06-11,33.66071428571429,2022,6,11,2022-06,16
2022-06-12,33.36863136863137,2022,6,12,2022-06,16
2022-06-13,33.173611111111114,2022,6,13,2022-06,16
2022-06-14,33.094905094905094,2022,6,14,2022-06,16
2022-06-15,33.75595238095239,2022,6,15,2022-06,16
2022-06-16,33.99404761904762,2022,6,16,2022-06,16
2022-06-17,33.785714285714285,2022,6,17,2022-06,16
2022-06-18,34.1875,2022,6,18,2022-06,16
2022-06-19,35.24007936507936,2022,6,19,2022-06,16
2022-06-20,34.06547619047619,2022,6,20,2022-06,16
2022-06-21,33.9000999000999,2022,6,21,2022-06,16
2022-06-22,33.99107142857143,2022,6,22,2022-06,16
2022-06-23,33.68849206349206,2022,6,23,2022-06,16
2022-06-24,36.44255744255744,2022,6,24,2022-06,16
2022-06-25,33.9186507936508,2022,6,25,2022-06,16
2022-06-26,33.66778995652235,2022,6,26,2022-06,16
2022-06-27,34.86713286713287,2022,6,27,2022-06,16
2022-06-28,33.86913086913087,2022,6,28,2022-06,16
2022-06-29,32.96825396825397,2022,6,29,2022-06,16
2022-06-30,33.25374625374625,2022,6,30,2022-06,16
2022-07-01,33.45634920634921,2022,7,1,2022-07,17
2022-07-02,33.895833333333336,2022,7,2,2022-07,17
2022-07-03,33.970238095238095,2022,7,3,2022-07,17
2022-07-04,34.72123015873016,2022,7,4,2022-07,17
2022-07-05,35.26884920634921,2022,7,5,2022-07,17
2022-07-06,33.79476861167002,2022,7,6,2022-07,17
2022-07-07,33.254960317460316,2022,7,7,2022-07,17
2022-07-08,33.21230158730159,2022,7,8,2022-07,17
2022-07-09,33.391865079365076,2022,7,9,2022-07,17
2022-07-10,33.13086913086914,2022,7,10,2022-07,17
2022-07-11,33.470238095238095,2022,7,11,2022-07,17
2022-07-12,33.11111111111112,2022,7,12,2022-07,17
2022-07-13,33.396603396603396,2022,7,13,2022-07,17
2022-07-14,32.9020979020979,2022,7,14,2022-07,17
2022-07-15,34.698412698412696,2022,7,15,2022-07,17
2022-07-16,35.82638888888889,2022,7,16,2022-07,17
2022-07-17,34.79265873015873,2022,7,17,2022-07,17
2022-07-18,33.93353174603175,2022,7,18,2022-07,17
2022-07-19,36.53046953046954,2022,7,19,2022-07,17
2022-07-20,36.6984126984127,2022,7,20,2022-07,17
2022-07-21,33.603396603396604,2022,7,21,2022-07,17
2022-07-22,39.59240759240759,2022,7,22,2022-07,17
2022-07-23,37.84722222222222,2022,7,23,2022-07,17
2022-07-24,33.28769841269842,2022,7,24,2022-07,17
2022-07-25,34.323412698412696,2022,7,25,2022-07,17
2022-07-26,33.96230158730159,2022,7,26,2022-07,17
2022-07-27,34.022817460317455,2022,7,27,2022-07,17
2022-07-28,33.84424603174603,2022,7,28,2022-07,17
2022-07-29,34.029761904761905,2022,7,29,2022-07,17
2022-07-30,34.20337301587301,2022,7,30,2022-07,17
2022-07-31,34.15575396825397,2022,7,31,2022-07,17
2022-08-01,35.09390609390609,2022,8,1,2022-08,18
2022-08-02,33.67162698412698,2022,8,2,2022-08,18
2022-08-03,35.602182539682545,2022,8,3,2022-08,18
2022-08-04,33.01686507936508,2022,8,4,2022-08,18
2022-08-05,32.83102172907998,2022,8,5,2022-08,18
2022-08-06,27.2827380952381,2022,8,6,2022-08,18
2022-08-07,28.687499999999996,2022,8,7,2022-08,18
2022-08-08,33.80515873015873,2022,8,8,2022-08,18
2022-08-09,33.826388888888886,2022,8,9,2022-08,18
2022-08-10,34.12087912087912,2022,8,10,2022-08,18
2022-08-11,34.67832167832167,2022,8,11,2022-08,18
2022-08-12,35.57043650793651,2022,8,12,2022-08,18
2022-08-13,37.288690476190474,2022,8,13,2022-08,18
2022-08-14,34.60515873015873,2022,8,14,2022-08,18
2022-08-15,37.25892857142858,2022,8,15,2022-08,18
2022-08-16,35.14384920634921,2022,8,16,2022-08,18
2022-08-17,33.05654761904762,2022,8,17,2022-08,18
2022-08-18,38.89781746031746,2022,8,18,2022-08,18
2022-08-19,32.989087301587304,2022,8,19,2022-08,18
2022-08-20,35.03373015873016,2022,8,20,2022-08,18
2022-08-21,33.93055555555556,2022,8,21,2022-08,18
2022-08-22,34.047619047619044,2022,8,22,2022-08,18
2022-08-23,34.55753968253969,2022,8,23,2022-08,18
2022-08-24,33.65376984126984,2022,8,24,2022-08,18
2022-08-25,37.010912698412696,2022,8,25,2022-08,18
2022-08-26,37.37079831932773,2022,8,26,2022-08,18
2022-08-27,30.94246031746032,2022,8,27,2022-08,18
2022-08-28,31.88194444444445,2022,8,28,2022-08,18
2022-08-29,33.415563135366504,2022,8,29,2022-08,18
2022-08-30,34.59054325955735,2022,8,30,2022-08,18
2022-08-31,37.28174603174603,2022,8,31,2022-08,18
2022-09-01,38.01388888888889,2022,9,1,2022-09,19
2022-09-02,33.29201680672269,2022,9,2,2022-09,19
2022-09-03,33.76488095238095,2022,9,3,2022-09,19
2022-09-04,34.91208791208792,2022,9,4,2022-09,19
2022-09-05,32.99900793650794,2022,9,5,2022-09,19
2022-09-06,33.08333333333333,2022,9,6,2022-09,19
2022-09-07,33.25892857142857,2022,9,7,2022-09,19
2022-09-08,34.01498501498502,2022,9,8,2022-09,19
2022-09-09,34.072303921568626,2022,9,9,2022-09,19
2022-09-10,28.139880952380953,2022,9,10,2022-09,19
2022-09-11,27.857142857142858,2022,9,11,2022-09,19
2022-09-12,33.59950069771499,2022,9,12,2022-09,19
2022-09-13,34.01488095238095,2022,9,13,2022-09,19
2022-09-14,33.91170634920635,2022,9,14,2022-09,19
2022-09-15,33.880119880119885,2022,9,15,2022-09,19
2022-09-16,34.178821178821174,2022,9,16,2022-09,19
2022-09-17,34.085317460317455,2022,9,17,2022-09,19
2022-09-18,33.85514485514485,2022,9,18,2022-09,19
2022-09-19,33.82043650793651,2022,9,19,2022-09,19
2022-09-20,36.38888888888889,2022,9,20,2022-09,19
2022-09-21,33.251984126984134,2022,9,21,2022-09,19
2022-09-22,33.544455544455545,2022,9,22,2022-09,19
2022-09-23,34.480519480519476,2022,9,23,2022-09,19
2022-09-24,35.4955044955045,2022,9,24,2022-09,19
2022-09-25,33.56547619047619,2022,9,25,2022-09,19
2022-09-26,33.90376984126984,2022,9,26,2022-09,19
2022-09-27,34.11388611388612,2022,9,27,2022-09,19
2022-09-28,34.339285714285715,2022,9,28,2022-09,19
2022-09-29,33.98801198801199,2022,9,29,2022-09,19
2022-09-30,34.35218253968254,2022,9,30,2022-09,19
2022-10-01,34.351190476190474,2022,10,1,2022-10,20
2022-10-02,34.38492063492064,2022,10,2,2022-10,20
2022-10-03,34.148809523809526,2022,10,3,2022-10,20
2022-10-04,36.10589410589411,2022,10,4,2022-10,20
2022-10-05,33.47519841269841,2022,10,5,2022-10,20
2022-10-06,33.9593253968254,2022,10,6,2022-10,20
2022-10-07,38.10714285714287,2022,10,7,2022-10,20
2022-10-08,33.982142857142854,2022,10,8,2022-10,20
2022-10-09,33.761904761904766,2022,10,9,2022-10,20
2022-10-10,38.68055555555556,2022,10,10,2022-10,20
2022-10-11,35.64781746031746,2022,10,11,2022-10,20
2022-10-12,33.11011904761905,2022,10,12,2022-10,20
2022-10-13,33.736111111111114,2022,10,13,2022-10,20
2022-10-14,33.86976999537679,2022,10,14,2022-10,20
2022-10-15,29.820436507936506,2022,10,15,2022-10,20
2022-10-16,29.367063492063494,2022,10,16,2022-10,20
2022-10-17,33.678124454910176,2022,10,17,2022-10,20
2022-10-18,33.72519841269841,2022,10,18,2022-10,20
2022-10-19,34.05555555555556,2022,10,19,2022-10,20
2022-10-20,33.76587301587301,2022,10,20,2022-10,20
2022-10-21,33.60615079365079,2022,10,21,2022-10,20
2022-10-22,35.692460317460316,2022,10,22,2022-10,20
2022-10-23,34.32837301587302,2022,10,23,2022-10,20
2022-10-24,33.8313492063492,2022,10,24,2022-10,20
2022-10-25,34.32539682539682,2022,10,25,2022-10,20
2022-10-26,33.65079365079365,2022,10,26,2022-10,20
2022-10-27,34.0029761904762,2022,10,27,2022-10,20
2022-10-28,34.24809218559218,2022,10,28,2022-10,20
2022-10-29,30.530469530469528,2022,10,29,2022-10,20
2022-10-30,30.386904761904763,2022,10,30,2022-10,20
2022-10-31,33.67171031215975,2022,10,31,2022-10,20
2022-11-01,33.67757936507936,2022,11,1,2022-11,21
2022-11-02,33.85912698412698,2022,11,2,2022-11,21
2022-11-03,35.98412698412698,2022,11,3,2022-11,21
2022-11-04,34.732993197278915,2022,11,4,2022-11,21
2022-11-05,34.45138888888889,2022,11,5,2022-11,21
2022-11-06,34.24900793650794,2022,11,6,2022-11,21
2022-11-07,34.68154761904762,2022,11,7,2022-11,21
2022-11-08,35.32491444590068,2022,11,8,2022-11,21
2022-11-09,33.785714285714285,2022,11,9,2022-11,21
2022-11-10,34.307539682539684,2022,11,10,2022-11,21
2022-11-11,34.376653439153436,2022,11,11,2022-11,21
2022-11-12,34.68154761904762,2022,11,12,2022-11,21
2022-11-13,35.857142857142854,2022,11,13,2022-11,21
2022-11-14,33.593946753013135,2022,11,14,2022-11,21
2022-11-15,35.41071428571428,2022,11,15,2022-11,21
2022-11-16,34.22123015873016,2022,11,16,2022-11,21
2022-11-17,34.14018044324648,2022,11,17,2022-11,21
2022-11-18,36.31177006242785,2022,11,18,2022-11,21
2022-11-19,22.482142857142858,2022,11,19,2022-11,21
2022-11-20,22.73313492063492,2022,11,20,2022-11,21
2022-11-21,35.209031121812025,2022,11,21,2022-11,21
2022-11-22,33.74404761904762,2022,11,22,2022-11,21
2022-11-23,36.50992063492063,2022,11,23,2022-11,21
2022-11-24,35.442557442557444,2022,11,24,2022-11,21
2022-11-25,33.78968253968254,2022,11,25,2022-11,21
2022-11-26,34.49702380952381,2022,11,26,2022-11,21
2022-11-27,34.22222222222222,2022,11,27,2022-11,21
2022-11-28,34.257936507936506,2022,11,28,2022-11,21
2022-11-29,36.175824175824175,2022,11,29,2022-11,21
2022-11-30,34.63492063492063,2022,11,30,2022-11,21
2022-12-01,33.65376984126984,2022,12,1,2022-12,22
2022-12-02,34.6656746031746,2022,12,2,2022-12,22
2022-12-03,35.26488095238095,2022,12,3,2022-12,22
2022-12-04,35.0625,2022,12,4,2022-12,22
2022-12-05,33.045634920634924,2022,12,5,2022-12,22
2022-12-06,35.41269841269841,2022,12,6,2022-12,22
2022-12-07,34.02997002997003,2022,12,7,2022-12,22
2022-12-08,33.926587301587304,2022,12,8,2022-12,22
2022-12-09,33.70238095238095,2022,12,9,2022-12,22
2022-12-10,33.78075396825397,2022,12,10,2022-12,22
2022-12-11,34.557539682539684,2022,12,11,2022-12,22
2022-12-12,33.68353174603175,2022,12,12,2022-12,22
2022-12-13,35.85912698412698,2022,12,13,2022-12,22
2022-12-14,41.004960317460316,2022,12,14,2022-12,22
2022-12-15,35.24404761904761,2022,12,15,2022-12,22
2022-12-16,33.38961038961039,2022,12,16,2022-12,22
2022-12-17,32.16765873015873,2022,12,17,2022-12,22
2022-12-18,33.708333333333336,2022,12,18,2022-12,22
2022-12-19,31.618055555555554,2022,12,19,2022-12,22
2022-12-20,30.872023809523814,2022,12,20,2022-12,22
2022-12-21,30.585317460317462,2022,12,21,2022-12,22
2022-12-22,34.80555555555556,2022,12,22,2022-12,22
2022-12-23,39.641865079365076,2022,12,23,2022-12,22
2022-12-24,34.99007936507936,2022,12,24,2022-12,22
2022-12-25,30.702380952380956,2022,12,25,2022-12,22
2022-12-26,30.667658730158735,2022,12,26,2022-12,22
2022-12-27,31.011904761904763,2022,12,27,2022-12,22
2022-12-28,32.41269841269842,2022,12,28,2022-12,22
2022-12-29,34.204365079365076,2022,12,29,2022-12,22
2022-12-30,31.544642857142858,2022,12,30,2022-12,22
2022-12-31,30.876984126984127,2022,12,31,2022-12,22
2023-01-01,32.179563492063494,2023,1,1,2023-01,23
2023-01-02,33.12787212787213,2023,1,2,2023-01,23
2023-01-03,31.00099206349206,2023,1,3,2023-01,23
2023-01-04,30.817460317460313,2023,1,4,2023-01,23
2023-01-05,30.44940476190476,2023,1,5,2023-01,23
2023-01-06,30.48809523809524,2023,1,6,2023-01,23
2023-01-07,31.820179820179813,2023,1,7,2023-01,23
2023-01-08,32.00297619047619,2023,1,8,2023-01,23
2023-01-09,33.01190476190475,2023,1,9,2023-01,23
2023-01-10,33.195301587301586,2023,1,10,2023-01,23
2023-01-11,31.12996031746032,2023,1,11,2023-01,23
2023-01-12,31.715277777777775,2023,1,12,2023-01,23
2023-01-13,32.31051587301588,2023,1,13,2023-01,23
2023-01-14,37.285714285714285,2023,1,14,2023-01,23
2023-01-15,39.983134920634924,2023,1,15,2023-01,23
2023-01-16,32.120039682539684,2023,1,16,2023-01,23
2023-01-17,31.71825396825397,2023,1,17,2023-01,23
2023-01-18,32.9000999000999,2023,1,18,2023-01,23
2023-01-19,32.512072434607646,2023,1,19,2023-01,23
2023-01-20,36.282717282717286,2023,1,20,2023-01,23
2023-01-21,35.238761238761235,2023,1,21,2023-01,23
2023-01-22,31.87003968253968,2023,1,22,2023-01,23
2023-01-23,34.324675324675326,2023,1,23,2023-01,23
2023-01-24,32.95734126984127,2023,1,24,2023-01,23
2023-01-25,31.42957042957043,2023,1,25,2023-01,23
2023-01-26,29.53646353646354,2023,1,26,2023-01,23
2023-01-27,29.4025974025974,2023,1,27,2023-01,23
2023-01-28,30.628968253968253,2023,1,28,2023-01,23
2023-01-29,30.46230158730159,2023,1,29,2023-01,23
2023-01-30,32.47718253968254,2023,1,30,2023-01,23
2023-01-31,29.863095238095237,2023,1,31,2023-01,23
2023-02-01,35.3343253968254,2023,2,1,2023-02,24
2023-02-02,30.452547452547453,2023,2,2,2023-02,24
2023-02-03,28.19580419580419,2023,2,3,2023-02,24
2023-02-04,29.16765873015873,2023,2,4,2023-02,24
2023-02-05,28.48809523809524,2023,2,5,2023-02,24
2023-02-06,29.18154761904762,2023,2,6,2023-02,24
2023-02-07,29.552579365079364,2023,2,7,2023-02,24
2023-02-08,29.60615079365079,2023,2,8,2023-02,24
2023-02-09,29.653769841269842,2023,2,9,2023-02,24
2023-02-10,32.32738095238095,2023,2,10,2023-02,24
2023-02-11,28.169642857142858,2023,2,11,2023-02,24
2023-02-12,27.72222222222222,2023,2,12,2023-02,24
2023-02-13,29.2037962037962,2023,2,13,2023-02,24
2023-02-14,29.235119047619047,2023,2,14,2023-02,24
2023-02-15,29.25,2023,2,15,2023-02,24
2023-02-16,28.505952380952383,2023,2,16,2023-02,24
2023-02-17,28.39980158730159,2023,2,17,2023-02,24
2023-02-18,29.434523809523814,2023,2,18,2023-02,24
2023-02-19,35.30555555555555,2023,2,19,2023-02,24
2023-02-20,30.49503968253968,2023,2,20,2023-02,24
2023-02-21,30.39087301587302,2023,2,21,2023-02,24
2023-02-22,29.51648351648351,2023,2,22,2023-02,24
2023-02-23,29.982142857142858,2023,2,23,2023-02,24
2023-02-24,30.60515873015873,2023,2,24,2023-02,24
2023-02-25,31.516865079365083,2023,2,25,2023-02,24
2023-02-26,30.75,2023,2,26,2023-02,24
2023-02-27,30.197420634920633,2023,2,27,2023-02,24
2023-02-28,30.378968253968253,2023,2,28,2023-02,24
2023-03-01,31.883928571428577,2023,3,1,2023-03,25
2023-03-02,33.09920634920635,2023,3,2,2023-03,25
2023-03-03,32.11210317460318,2023,3,3,2023-03,25
2023-03-04,32.58531746031746,2023,3,4,2023-03,25
2023-03-05,32.0625,2023,3,5,2023-03,25
2023-03-06,32.42559523809524,2023,3,6,2023-03,25
2023-03-07,32.489510489510494,2023,3,7,2023-03,25
2023-03-08,32.93650793650794,2023,3,8,2023-03,25
2023-03-09,33.04761904761905,2023,3,9,2023-03,25
2023-03-10,33.614087301587304,2023,3,10,2023-03,25
2023-03-11,33.12301587301588,2023,3,11,2023-03,25
2023-03-12,33.81448412698412,2023,3,12,2023-03,25
2023-03-13,36.38888888888889,2023,3,13,2023-03,25
2023-03-14,32.929563492063494,2023,3,14,2023-03,25
2023-03-15,33.715277777777786,2023,3,15,2023-03,25
2023-03-16,33.50793650793651,2023,3,16,2023-03,25
2023-03-17,33.21278721278721,2023,3,17,2023-03,25
2023-03-18,34.176587301587304,2023,3,18,2023-03,25
2023-03-19,33.22222222222222,2023,3,19,2023-03,25
2023-03-20,33.070436507936506,2023,3,20,2023-03,25
2023-03-21,33.68154761904761,2023,3,21,2023-03,25
2023-03-22,33.50297619047619,2023,3,22,2023-03,25
2023-03-23,34.54245754245755,2023,3,23,2023-03,25
2023-03-24,33.7390873015873,2023,3,24,2023-03,25
2023-03-25,33.02480158730159,2023,3,25,2023-03,25
2023-03-26,40.05952380952381,2023,3,26,2023-03,25
2023-03-27,33.51289682539682,2023,3,27,2023-03,25
2023-03-28,33.28472222222222,2023,3,28,2023-03,25
2023-03-29,33.419642857142854,2023,3,29,2023-03,25
2023-03-30,33.25430125430126,2023,3,30,2023-03,25
2023-03-31,33.21924603174603,2023,3,31,2023-03,25
2023-04-01,33.035714285714285,2023,4,1,2023-04,26
2023-04-02,33.3046953046953,2023,4,2,2023-04,26
2023-04-03,33.25396825396825,2023,4,3,2023-04,26
2023-04-04,33.438492063492056,2023,4,4,2023-04,26
2023-04-05,33.54861111111111,2023,4,5,2023-04,26
2023-04-06,34.2917082917083,2023,4,6,2023-04,26
2023-04-07,37.32745726495727,2023,4,7,2023-04,26
2023-04-08,34.229166666666664,2023,4,8,2023-04,26
2023-04-09,33.0436507936508,2023,4,9,2023-04,26
2023-04-10,32.95634920634921,2023,4,10,2023-04,26
2023-04-11,32.977182539682545,2023,4,11,2023-04,26
2023-04-12,33.65575396825397,2023,4,12,2023-04,26
2023-04-13,33.14880952380952,2023,4,13,2023-04,26
2023-04-14,33.01289682539682,2023,4,14,2023-04,26
2023-04-15,35.80059523809524,2023,4,15,2023-04,26
2023-04-16,35.0813492063492,2023,4,16,2023-04,26
2023-04-17,32.620379620379616,2023,4,17,2023-04,26
2023-04-18,32.70634920634921,2023,4,18,2023-04,26
2023-04-19,33.289682539682545,2023,4,19,2023-04,26
2023-04-20,33.17682317682318,2023,4,20,2023-04,26
2023-04-21,32.973214285714285,2023,4,21,2023-04,26
2023-04-22,32.93452380952381,2023,4,22,2023-04,26
2023-04-23,33.12599206349206,2023,4,23,2023-04,26
2023-04-24,33.06944444444444,2023,4,24,2023-04,26
2023-04-25,33.08791208791209,2023,4,25,2023-04,26
2023-04-26,36.7906746031746,2023,4,26,2023-04,26
2023-04-27,32.567460317460316,2023,4,27,2023-04,26
2023-04-28,33.13789682539683,2023,4,28,2023-04,26
2023-04-29,33.55654761904761,2023,4,29,2023-04,26
2023-04-30,35.97916666666667,2023,4,30,2023-04,26
2023-05-01,33.64980158730159,2023,5,1,2023-05,27
2023-05-02,32.84325396825397,2023,5,2,2023-05,27
2023-05-03,33.074404761904766,2023,5,3,2023-05,27
2023-05-04,33.27876984126984,2023,5,4,2023-05,27
2023-05-05,33.411706349206355,2023,5,5,2023-05,27
2023-05-06,37.88690476190476,2023,5,6,2023-05,27
2023-05-07,37.82837301587302,2023,5,7,2023-05,27
2023-05-08,34.87712287712288,2023,5,8,2023-05,27
2023-05-09,32.65178571428571,2023,5,9,2023-05,27
2023-05-10,32.63293650793651,2023,5,10,2023-05,27
2023-05-11,32.76023976023976,2023,5,11,2023-05,27
2023-05-12,32.91071428571429,2023,5,12,2023-05,27
2023-05-13,33.039682539682545,2023,5,13,2023-05,27
2023-05-14,33.00099206349206,2023,5,14,2023-05,27
2023-05-15,33.19047619047619,2023,5,15,2023-05,27
2023-05-16,32.642857142857146,2023,5,16,2023-05,27
2023-05-17,33.2906746031746,2023,5,17,2023-05,27
2023-05-18,33.605158730158735,2023,5,18,2023-05,27
2023-05-19,36.32981776853136,2023,5,19,2023-05,27
2023-05-20,27.43154761904762,2023,5,20,2023-05,27
2023-05-21,27.232142857142858,2023,5,21,2023-05,27
2023-05-22,33.11938061938062,2023,5,22,2023-05,27
2023-05-23,33.7281746031746,2023,5,23,2023-05,27
2023-05-24,32.56845238095239,2023,5,24,2023-05,27
2023-05-25,32.77922077922078,2023,5,25,2023-05,27
2023-05-26,34.015090543259554,2023,5,26,2023-05,27
2023-05-27,33.28471528471528,2023,5,27,2023-05,27
2023-05-28,35.38861138861139,2023,5,28,2023-05,27
2023-05-29,33.76984126984127,2023,5,29,2023-05,27
2023-05-30,33.29365079365079,2023,5,30,2023-05,27
2023-05-31,32.995039682539684,2023,5,31,2023-05,27
2023-06-01,33.13986013986014,2023,6,1,2023-06,28
2023-06-02,36.25274725274725,2023,6,2,2023-06,28
2023-06-03,33.19642857142857,2023,6,3,2023-06,28
2023-06-04,34.24107142857142,2023,6,4,2023-06,28
2023-06-05,33.35615079365079,2023,6,5,2023-06,28
2023-06-06,33.2936507936508,2023,6,6,2023-06,28
2023-06-07,34.18948412698412,2023,6,7,2023-06,28
2023-06-08,33.49900793650794,2023,6,8,2023-06,28
2023-06-09,36.867063492063494,2023,6,9,2023-06,28
2023-06-10,33.00799200799201,2023,6,10,2023-06,28
2023-06-11,33.481518481518485,2023,6,11,2023-06,28
2023-06-12,33.306693306693305,2023,6,12,2023-06,28
2023-06-13,33.579365079365076,2023,6,13,2023-06,28
2023-06-14,33.2579365079365,2023,6,14,2023-06,28
2023-06-15,37.101190476190474,2023,6,15,2023-06,28
2023-06-16,37.66533466533466,2023,6,16,2023-06,28
2023-06-17,32.47949937386557,2023,6,17,2023-06,28
2023-06-18,33.567460317460316,2023,6,18,2023-06,28
2023-06-19,32.83916083916084,2023,6,19,2023-06,28
2023-06-20,33.026785714285715,2023,6,20,2023-06,28
2023-06-21,33.30853174603175,2023,6,21,2023-06,28
2023-06-22,33.14085914085914,2023,6,22,2023-06,28
2023-06-23,34.604395604395606,2023,6,23,2023-06,28
2023-06-24,33.74503968253968,2023,6,24,2023-06,28
2023-06-25,32.88611388611388,2023,6,25,2023-06,28
2023-06-26,33.12103174603175,2023,6,26,2023-06,28
2023-06-27,34.37896825396825,2023,6,27,2023-06,28
2023-06-28,34.582417582417584,2023,6,28,2023-06,28
2023-06-29,33.6637996941896,2023,6,29,2023-06,28
2023-06-30,35.14980158730158,2023,6,30,2023-06,28
2023-07-01,32.65575396825397,2023,7,1,2023-07,29
2023-07-02,33.5625,2023,7,2,2023-07,29
2023-07-03,34.261904761904766,2023,7,3,2023-07,29
2023-07-04,33.04861111111111,2023,7,4,2023-07,29
2023-07-05,33.88511488511488,2023,7,5,2023-07,29
2023-07-06,34.598214285714285,2023,7,6,2023-07,29
2023-07-07,33.748015873015866,2023,7,7,2023-07,29
2023-07-08,34.65972222222222,2023,7,8,2023-07,29
2023-07-09,35.42162698412698,2023,7,9,2023-07,29
2023-07-10,33.74603174603175,2023,7,10,2023-07,29
2023-07-11,34.98015873015873,2023,7,11,2023-07,29
2023-07-12,35.83829365079365,2023,7,12,2023-07,29
2023-07-13,33.02281746031746,2023,7,13,2023-07,29
2023-07-14,33.92460317460318,2023,7,14,2023-07,29
2023-07-15,41.14087301587302,2023,7,15,2023-07,29
2023-07-16,34.176587301587304,2023,7,16,2023-07,29
2023-07-17,32.807539682539684,2023,7,17,2023-07,29
2023-07-18,33.63194444444444,2023,7,18,2023-07,29
2023-07-19,36.72718253968254,2023,7,19,2023-07,29
2023-07-20,33.39087301587301,2023,7,20,2023-07,29
2023-07-21,32.54365079365079,2023,7,21,2023-07,29
2023-07-22,32.98987817737818,2023,7,22,2023-07,29
2023-07-23,33.18154761904761,2023,7,23,2023-07,29
2023-07-24,33.34325396825397,2023,7,24,2023-07,29
2023-07-25,33.56547619047619,2023,7,25,2023-07,29
2023-07-26,33.472527472527474,2023,7,26,2023-07,29
2023-07-27,33.37301587301587,2023,7,27,2023-07,29
2023-07-28,33.51190476190476,2023,7,28,2023-07,29
2023-07-29,33.859154929577464,2023,7,29,2023-07,29
2023-07-30,34.06150793650794,2023,7,30,2023-07,29
2023-07-31,34.15084915084915,2023,7,31,2023-07,29
2023-08-01,33.78421578421578,2023,8,1,2023-08,30
2023-08-02,33.978174603174594,2023,8,2,2023-08,30
2023-08-03,34.288690476190474,2023,8,3,2023-08,30
2023-08-04,34.272817460317455,2023,8,4,2023-08,30
2023-08-05,34.372233400402415,2023,8,5,2023-08,30
2023-08-06,34.69742063492064,2023,8,6,2023-08,30
2023-08-07,33.64583333333333,2023,8,7,2023-08,30
2023-08-08,33.32837301587302,2023,8,8,2023-08,30
2023-08-09,33.27281746031746,2023,8,9,2023-08,30
2023-08-10,33.13286713286713,2023,8,10,2023-08,30
2023-08-11,33.45337301587302,2023,8,11,2023-08,30
2023-08-12,34.25050301810865,2023,8,12,2023-08,30
2023-08-13,33.07638888888888,2023,8,13,2023-08,30
2023-08-14,33.07837301587302,2023,8,14,2023-08,30
2023-08-15,32.74925074925075,2023,8,15,2023-08,30
2023-08-16,32.602182539682545,2023,8,16,2023-08,30
2023-08-17,33.11607142857142,2023,8,17,2023-08,30
2023-08-18,34.386904761904766,2023,8,18,2023-08,30
2023-08-19,35.64186507936508,2023,8,19,2023-08,30
2023-08-20,33.801587301587304,2023,8,20,2023-08,30
2023-08-21,33.56051587301587,2023,8,21,2023-08,30
2023-08-22,32.901785714285715,2023,8,22,2023-08,30
2023-08-23,32.804625929625935,2023,8,23,2023-08,30
2023-08-24,33.04960317460317,2023,8,24,2023-08,30
2023-08-25,33.40079365079365,2023,8,25,2023-08,30
2023-08-26,33.4265873015873,2023,8,26,2023-08,30
2023-08-27,33.61805555555555,2023,8,27,2023-08,30
2023-08-28,33.56547619047619,2023,8,28,2023-08,30
2023-08-29,33.86805555555556,2023,8,29,2023-08,30
2023-08-30,33.74748490945674,2023,8,30,2023-08,30
2023-08-31,33.670634920634924,2023,8,31,2023-08,30
2023-09-01,33.731268731268734,2023,9,1,2023-09,31
2023-09-02,34.75297619047619,2023,9,2,2023-09,31
2023-09-03,34.02579365079365,2023,9,3,2023-09,31
2023-09-04,33.74305555555556,2023,9,4,2023-09,31
2023-09-05,33.31968031968032,2023,9,5,2023-09,31
2023-09-06,33.66170634920635,2023,9,6,2023-09,31
2023-09-07,33.395833333333336,2023,9,7,2023-09,31
2023-09-08,33.9020979020979,2023,9,8,2023-09,31
2023-09-09,34.1028971028971,2023,9,9,2023-09,31
2023-09-10,33.617382617382624,2023,9,10,2023-09,31
2023-09-11,33.34325396825397,2023,9,11,2023-09,31
2023-09-12,33.61638361638362,2023,9,12,2023-09,31
2023-09-13,33.68452380952381,2023,9,13,2023-09,31
2023-09-14,33.705357142857146,2023,9,14,2023-09,31
2023-09-15,33.548611111111114,2023,9,15,2023-09,31
2023-09-16,34.15084915084915,2023,9,16,2023-09,31
2023-09-17,34.480158730158735,2023,9,17,2023-09,31
2023-09-18,33.74525474525475,2023,9,18,2023-09,31
2023-09-19,34.676587301587304,2023,9,19,2023-09,31
2023-09-20,33.76587301587302,2023,9,20,2023-09,31
2023-09-21,44.415400202634245,2023,9,21,2023-09,31
2023-09-22,33.278721278721285,2023,9,22,2023-09,31
2023-09-23,33.25396825396825,2023,9,23,2023-09,31
2023-09-24,33.36363636363637,2023,9,24,2023-09,31
2023-09-25,33.45734126984127,2023,9,25,2023-09,31
2023-09-26,33.64484126984127,2023,9,26,2023-09,31
2023-09-27,35.824404761904766,2023,9,27,2023-09,31
2023-09-28,39.4781746031746,2023,9,28,2023-09,31
2023-09-29,33.208333333333336,2023,9,29,2023-09,31
2023-09-30,35.395833333333336,2023,9,30,2023-09,31
2023-10-01,35.38492063492064,2023,10,1,2023-10,32
2023-10-02,33.54662698412699,2023,10,2,2023-10,32
2023-10-03,33.20138888888889,2023,10,3,2023-10,32
2023-10-04,33.6061507936508,2023,10,4,2023-10,32
2023-10-05,37.0029761904762,2023,10,5,2023-10,32
2023-10-06,34.82635036215134,2023,10,6,2023-10,32
2023-10-07,27.763236763236762,2023,10,7,2023-10,32
2023-10-08,28.091269841269845,2023,10,8,2023-10,32
2023-10-09,28.672619047619047,2023,10,9,2023-10,32
2023-10-10,35.61597110754415,2023,10,10,2023-10,32
2023-10-11,32.8561507936508,2023,10,11,2023-10,32
2023-10-12,33.35912698412698,2023,10,12,2023-10,32
2023-10-13,33.4005994005994,2023,10,13,2023-10,32
2023-10-14,33.65134865134865,2023,10,14,2023-10,32
2023-10-15,36.50949050949051,2023,10,15,2023-10,32
2023-10-16,34.233134920634924,2023,10,16,2023-10,32
2023-10-17,33.47452547452547,2023,10,17,2023-10,32
2023-10-18,33.044955044955046,2023,10,18,2023-10,32
2023-10-19,33.576388888888886,2023,10,19,2023-10,32
2023-10-20,34.88789682539682,2023,10,20,2023-10,32
2023-10-21,35.47519841269841,2023,10,21,2023-10,32
2023-10-22,34.41369047619048,2023,10,22,2023-10,32
2023-10-23,33.98313492063492,2023,10,23,2023-10,32
2023-10-24,34.04365079365079,2023,10,24,2023-10,32
2023-10-25,34.323412698412696,2023,10,25,2023-10,32
2023-10-26,33.70429570429571,2023,10,26,2023-10,32
2023-10-27,33.73412698412699,2023,10,27,2023-10,32
2023-10-28,34.13194444444444,2023,10,28,2023-10,32
2023-10-29,33.02480158730159,2023,10,29,2023-10,32
2023-10-30,33.095238095238095,2023,10,30,2023-10,32
2023-10-31,33.687312687312684,2023,10,31,2023-10,32
2023-11-01,34.022817460317455,2023,11,1,2023-11,33
2023-11-02,35.59722222222222,2023,11,2,2023-11,33
2023-11-03,34.041666666666664,2023,11,3,2023-11,33
2023-11-04,35.422619047619044,2023,11,4,2023-11,33
2023-11-05,33.779761904761905,2023,11,5,2023-11,33
2023-11-06,33.5482978279031,2023,11,6,2023-11,33
2023-11-07,35.443556443556446,2023,11,7,2023-11,33
2023-11-08,33.619380619380614,2023,11,8,2023-11,33
2023-11-09,33.87914942200656,2023,11,9,2023-11,33
2023-11-10,34.67963286713287,2023,11,10,2023-11,33
2023-11-11,25.95634920634921,2023,11,11,2023-11,33
2023-11-12,26.814185814185812,2023,11,12,2023-11,33
2023-11-13,34.17578891964138,2023,11,13,2023-11,33
2023-11-14,33.64135864135864,2023,11,14,2023-11,33
2023-11-15,33.704365079365076,2023,11,15,2023-11,33
2023-11-16,34.048359048359046,2023,11,16,2023-11,33
2023-11-17,36.43142760532823,2023,11,17,2023-11,33
2023-11-18,28.43856143856144,2023,11,18,2023-11,33
2023-11-19,25.017857142857142,2023,11,19,2023-11,33
2023-11-20,35.93949066806209,2023,11,20,2023-11,33
2023-11-21,33.18781218781219,2023,11,21,2023-11,33
2023-11-22,33.4811507936508,2023,11,22,2023-11,33
2023-11-23,34.53174603174603,2023,11,23,2023-11,33
2023-11-24,38.675595238095234,2023,11,24,2023-11,33
2023-11-25,34.24975024975025,2023,11,25,2023-11,33
2023-11-26,33.09126984126984,2023,11,26,2023-11,33
2023-11-27,35.82539682539682,2023,11,27,2023-11,33
2023-11-28,38.30853174603175,2023,11,28,2023-11,33
2023-11-29,40.62400793650794,2023,11,29,2023-11,33
2023-11-30,36.873015873015866,2023,11,30,2023-11,33
2023-12-01,33.12896825396826,2023,12,1,2023-12,34
2023-12-02,33.12599206349206,2023,12,2,2023-12,34
2023-12-03,34.284722222222214,2023,12,3,2023-12,34
2023-12-04,33.29761904761905,2023,12,4,2023-12,34
2023-12-05,33.88888888888889,2023,12,5,2023-12,34
2023-12-06,34.735119047619044,2023,12,6,2023-12,34
2023-12-07,38.348214285714285,2023,12,7,2023-12,34
2023-12-08,34.148809523809526,2023,12,8,2023-12,34
2023-12-09,34.62103174603175,2023,12,9,2023-12,34
2023-12-10,33.63293650793651,2023,12,10,2023-12,34
2023-12-11,33.15873015873016,2023,12,11,2023-12,34
2023-12-12,37.84315684315685,2023,12,12,2023-12,34
2023-12-13,32.316901408450704,2023,12,13,2023-12,34
2023-12-14,32.43353174603174,2023,12,14,2023-12,34
2023-12-15,43.264880952380956,2023,12,15,2023-12,34
2023-12-16,39.89781746031746,2023,12,16,2023-12,34
2023-12-17,37.20138888888889,2023,12,17,2023-12,34
2023-12-18,32.99801587301587,2023,12,18,2023-12,34
2023-12-19,32.08333333333333,2023,12,19,2023-12,34
2023-12-20,33.182539682539684,2023,12,20,2023-12,34
2023-12-21,32.86507936507937,2023,12,21,2023-12,34
2023-12-22,32.595404595404595,2023,12,22,2023-12,34
2023-12-23,32.93806193806194,2023,12,23,2023-12,34
2023-12-24,32.65376984126984,2023,12,24,2023-12,34
2023-12-25,32.7093253968254,2023,12,25,2023-12,34
2023-12-26,34.26289682539682,2023,12,26,2023-12,34
2023-12-27,32.95304695304695,2023,12,27,2023-12,34
2023-12-28,31.972222222222225,2023,12,28,2023-12,34
2023-12-29,32.94605394605395,2023,12,29,2023-12,34
2023-12-30,32.67432567432568,2023,12,30,2023-12,34
2023-12-31,34.23458091723774,2023,12,31,2023-12,34
2024-01-01,33.92102928127773,2024,1,1,2024-01,35
2024-01-02,33.11904761904762,2024,1,2,2024-01,35
2024-01-03,35.69642857142857,2024,1,3,2024-01,35
2024-01-04,35.870039682539684,2024,1,4,2024-01,35
2024-01-05,34.21722721722722,2024,1,5,2024-01,35
2024-01-06,28.500992063492067,2024,1,6,2024-01,35
2024-01-07,29.2936507936508,2024,1,7,2024-01,35
2024-01-08,28.96403596403596,2024,1,8,2024-01,35
2024-01-09,29.342261904761905,2024,1,9,2024-01,35
2024-01-10,33.19517770876467,2024,1,10,2024-01,35
2024-01-11,33.50198412698412,2024,1,11,2024-01,35
2024-01-12,37.61309523809524,2024,1,12,2024-01,35
2024-01-13,33.19642857142857,2024,1,13,2024-01,35
2024-01-14,33.72222222222222,2024,1,14,2024-01,35
2024-01-15,36.17857142857142,2024,1,15,2024-01,35
2024-01-16,32.073412698412696,2024,1,16,2024-01,35
2024-01-17,31.241071428571427,2024,1,17,2024-01,35
2024-01-18,32.66964285714286,2024,1,18,2024-01,35
2024-01-19,32.50198412698413,2024,1,19,2024-01,35
2024-01-20,32.80059523809524,2024,1,20,2024-01,35
2024-01-21,39.229770229770224,2024,1,21,2024-01,35
2024-01-22,34.84325396825397,2024,1,22,2024-01,35
2024-01-23,35.278769841269835,2024,1,23,2024-01,35
2024-01-24,35.97202797202798,2024,1,24,2024-01,35
2024-01-25,32.74702380952381,2024,1,25,2024-01,35
2024-01-26,32.47123015873016,2024,1,26,2024-01,35
2024-01-27,32.35218253968254,2024,1,27,2024-01,35
2024-01-28,32.67261904761905,2024,1,28,2024-01,35
2024-01-29,33.04265873015873,2024,1,29,2024-01,35
2024-01-30,33.23376623376623,2024,1,30,2024-01,35
2024-01-31,33.78769841269842,2024,1,31,2024-01,35
2024-02-01,33.4484126984127,2024,2,1,2024-02,36
2024-02-02,32.63236763236763,2024,2,2,2024-02,36
2024-02-03,32.567460317460316,2024,2,3,2024-02,36
2024-02-04,32.46230158730159,2024,2,4,2024-02,36
2024-02-05,32.79662698412698,2024,2,5,2024-02,36
2024-02-06,32.731268731268734,2024,2,6,2024-02,36
2024-02-07,33.40079365079365,2024,2,7,2024-02,36
2024-02-08,33.00396825396826,2024,2,8,2024-02,36
2024-02-09,33.020833333333336,2024,2,9,2024-02,36
2024-02-10,34.551587301587304,2024,2,10,2024-02,36
2024-02-11,33.54662698412698,2024,2,11,2024-02,36
2024-02-12,33.28373015873016,2024,2,12,2024-02,36
2024-02-13,33.15873015873016,2024,2,13,2024-02,36
2024-02-14,33.07837301587302,2024,2,14,2024-02,36
2024-02-15,37.2470238095238,2024,2,15,2024-02,36
2024-02-16,35.57738095238095,2024,2,16,2024-02,36
2024-02-17,32.94345238095238,2024,2,17,2024-02,36
2024-02-18,33.37896825396826,2024,2,18,2024-02,36
2024-02-19,33.71329365079365,2024,2,19,2024-02,36
2024-02-20,34.07837301587302,2024,2,20,2024-02,36
2024-02-21,37.71527777777778,2024,2,21,2024-02,36
2024-02-22,31.956349206349206,2024,2,22,2024-02,36
2024-02-23,32.00297619047619,2024,2,23,2024-02,36
2024-02-24,32.2718253968254,2024,2,24,2024-02,36
2024-02-25,34.26587301587302,2024,2,25,2024-02,36
2024-02-26,33.18750000000001,2024,2,26,2024-02,36
2024-02-27,30.898809523809522,2024,2,27,2024-02,36
2024-02-28,28.34722222222222,2024,2,28,2024-02,36
2024-02-29,28.95833333333334,2024,2,29,2024-02,36
2024-03-01,32.714285714285715,2024,3,1,2024-03,37
2024-03-02,33.05494505494506,2024,3,2,2024-03,37
2024-03-03,31.204365079365083,2024,3,3,2024-03,37
2024-03-04,29.052579365079367,2024,3,4,2024-03,37
2024-03-05,28.461309523809522,2024,3,5,2024-03,37
2024-03-06,29.351190476190474,2024,3,6,2024-03,37
2024-03-07,29.323412698412703,2024,3,7,2024-03,37
2024-03-08,30.346653346653344,2024,3,8,2024-03,37
2024-03-09,30.498015873015877,2024,3,9,2024-03,37
2024-03-10,29.703373015873016,2024,3,10,2024-03,37
2024-03-11,29.95604395604396,2024,3,11,2024-03,37
2024-03-12,31.463536463536467,2024,3,12,2024-03,37
2024-03-13,30.959325396825395,2024,3,13,2024-03,37
2024-03-14,36.101190476190474,2024,3,14,2024-03,37
2024-03-15,34.19444444444444,2024,3,15,2024-03,37
2024-03-16,32.65873015873016,2024,3,16,2024-03,37
2024-03-17,34.81918081918082,2024,3,17,2024-03,37
2024-03-18,34.339285714285715,2024,3,18,2024-03,37
2024-03-19,32.632936507936506,2024,3,19,2024-03,37
2024-03-20,34.88392857142857,2024,3,20,2024-03,37
2024-03-21,31.69940476190476,2024,3,21,2024-03,37
2024-03-22,31.896825396825395,2024,3,22,2024-03,37
2024-03-23,32.94345238095239,2024,3,23,2024-03,37
2024-03-24,33.07142857142858,2024,3,24,2024-03,37
2024-03-25,33.10489510489511,2024,3,25,2024-03,37
2024-03-26,33.72127872127872,2024,3,26,2024-03,37
2024-03-27,32.8531746031746,2024,3,27,2024-03,37
2024-03-28,33.31086519114688,2024,3,28,2024-03,37
2024-03-29,35.788690476190474,2024,3,29,2024-03,37
2024-03-30,33.15376984126984,2024,3,30,2024-03,37
2024-03-31,34.26388888888889,2024,3,31,2024-03,37
2024-04-01,33.29532967032967,2024,4,1,2024-04,38
2024-04-02,33.00999000999001,2024,4,2,2024-04,38
2024-04-03,33.426587301587304,2024,4,3,2024-04,38
2024-04-04,33.18551587301588,2024,4,4,2024-04,38
2024-04-05,33.19345238095239,2024,4,5,2024-04,38
2024-04-06,33.60813492063492,2024,4,6,2024-04,38
2024-04-07,33.22477522477522,2024,4,7,2024-04,38
2024-04-08,33.395833333333336,2024,4,8,2024-04,38
2024-04-09,37.81646825396825,2024,4,9,2024-04,38
2024-04-10,32.71924603174604,2024,4,10,2024-04,38
2024-04-11,33.09325396825397,2024,4,11,2024-04,38
2024-04-12,32.82142857142857,2024,4,12,2024-04,38
2024-04-13,33.164682539682545,2024,4,13,2024-04,38
2024-04-14,33.32837301587302,2024,4,14,2024-04,38
2024-04-15,33.703219315895375,2024,4,15,2024-04,38
2024-04-16,33.71924603174603,2024,4,16,2024-04,38
2024-04-17,34.08531746031746,2024,4,17,2024-04,38
2024-04-18,33.67261904761905,2024,4,18,2024-04,38
2024-04-19,33.53646353646353,2024,4,19,2024-04,38
2024-04-20,33.0625,2024,4,20,2024-04,38
2024-04-21,33.28071928071928,2024,4,21,2024-04,38
2024-04-22,33.3531746031746,2024,4,22,2024-04,38
2024-04-23,33.29270729270729,2024,4,23,2024-04,38
2024-04-24,33.818913480885314,2024,4,24,2024-04,38
2024-04-25,34.664682539682545,2024,4,25,2024-04,38
2024-04-26,32.895833333333336,2024,4,26,2024-04,38
2024-04-27,33.77022977022977,2024,4,27,2024-04,38
2024-04-28,33.64186507936508,2024,4,28,2024-04,38
2024-04-29,33.63095238095238,2024,4,29,2024-04,38
2024-04-30,35.04295704295704,2024,4,30,2024-04,38
2024-05-01,32.87400793650794,2024,5,1,2024-05,39
2024-05-02,33.13492063492064,2024,5,2,2024-05,39
2024-05-03,33.27579365079365,2024,5,3,2024-05,39
2024-05-04,33.57042957042957,2024,5,4,2024-05,39
2024-05-05,34.45039682539683,2024,5,5,2024-05,39
2024-05-06,34.68353174603175,2024,5,6,2024-05,39
2024-05-07,35.24801587301588,2024,5,7,2024-05,39
2024-05-08,32.96924603174604,2024,5,8,2024-05,39
2024-05-09,32.99300699300699,2024,5,9,2024-05,39
2024-05-10,33.21031746031746,2024,5,10,2024-05,39
2024-05-11,33.87012987012987,2024,5,11,2024-05,39
2024-05-12,33.91269841269841,2024,5,12,2024-05,39
2024-05-13,36.43356643356643,2024,5,13,2024-05,39
2024-05-14,33.1279761904762,2024,5,14,2024-05,39
2024-05-15,33.55357142857143,2024,5,15,2024-05,39
2024-05-16,33.859140859140865,2024,5,16,2024-05,39
2024-05-17,34.397817460317455,2024,5,17,2024-05,39
2024-05-18,33.297702297702294,2024,5,18,2024-05,39
2024-05-19,33.86210317460318,2024,5,19,2024-05,39
2024-05-20,34.55244755244755,2024,5,20,2024-05,39
2024-05-21,33.211309523809526,2024,5,21,2024-05,39
2024-05-22,33.142857142857146,2024,5,22,2024-05,39
2024-05-23,33.69530469530469,2024,5,23,2024-05,39
2024-05-24,34.7281746031746,2024,5,24,2024-05,39
2024-05-25,33.29464285714286,2024,5,25,2024-05,39
2024-05-26,33.65090543259557,2024,5,26,2024-05,39
2024-05-27,34.51884920634921,2024,5,27,2024-05,39
2024-05-28,37.9156746031746,2024,5,28,2024-05,39
2024-05-29,34.111111111111114,2024,5,29,2024-05,39
2024-05-30,33.129870129870135,2024,5,30,2024-05,39
2024-05-31,35.02480158730159,2024,5,31,2024-05,39
2024-06-01,33.37103174603174,2024,6,1,2024-06,40
2024-06-02,33.68031968031968,2024,6,2,2024-06,40
2024-06-03,34.29370629370629,2024,6,3,2024-06,40
2024-06-04,32.458333333333336,2024,6,4,2024-06,40
2024-06-05,32.61309523809525,2024,6,5,2024-06,40
2024-06-06,32.88611388611388,2024,6,6,2024-06,40
2024-06-07,33.16468253968254,2024,6,7,2024-06,40
2024-06-08,33.25992063492063,2024,6,8,2024-06,40
2024-06-09,33.0989010989011,2024,6,9,2024-06,40
2024-06-10,33.66170634920635,2024,6,10,2024-06,40
2024-06-11,33.4970238095238,2024,6,11,2024-06,40
2024-06-12,33.954365079365076,2024,6,12,2024-06,40
2024-06-13,34.18452380952381,2024,6,13,2024-06,40
2024-06-14,33.94466800804829,2024,6,14,2024-06,40
2024-06-15,33.979166666666664,2024,6,15,2024-06,40
2024-06-16,34.323412698412696,2024,6,16,2024-06,40
2024-06-17,33.88051001041711,2024,6,17,2024-06,40
2024-06-18,34.2281746031746,2024,6,18,2024-06,40
2024-06-19,33.989087301587304,2024,6,19,2024-06,40
2024-06-20,34.27074503760149,2024,6,20,2024-06,40
2024-06-21,34.75595238095238,2024,6,21,2024-06,40
2024-06-22,34.56547619047619,2024,6,22,2024-06,40
2024-06-23,35.24603174603174,2024,6,23,2024-06,40
2024-06-24,36.2037962037962,2024,6,24,2024-06,40
2024-06-25,35.272817460317455,2024,6,25,2024-06,40
2024-06-26,33.138861138861145,2024,6,26,2024-06,40
2024-06-27,33.36607142857143,2024,6,27,2024-06,40
2024-06-28,34.11904761904762,2024,6,28,2024-06,40
2024-06-29,34.613095238095234,2024,6,29,2024-06,40
2024-06-30,37.917082917082915,2024,6,30,2024-06,40
2024-07-01,34.30456349206349,2024,7,1,2024-07,41
2024-07-02,32.988095238095234,2024,7,2,2024-07,41
2024-07-03,35.48751248751248,2024,7,3,2024-07,41
2024-07-04,33.40659340659341,2024,7,4,2024-07,41
2024-07-05,33.595404595404595,2024,7,5,2024-07,41
2024-07-06,33.92361111111111,2024,7,6,2024-07,41
2024-07-07,38.016865079365076,2024,7,7,2024-07,41
2024-07-08,33.363095238095234,2024,7,8,2024-07,41
2024-07-09,38.650349650349646,2024,7,9,2024-07,41
2024-07-10,35.595238095238095,2024,7,10,2024-07,41
2024-07-11,33.870039682539684,2024,7,11,2024-07,41
2024-07-12,33.39781746031746,2024,7,12,2024-07,41
2024-07-13,33.74647887323944,2024,7,13,2024-07,41
2024-07-14,33.87500000000001,2024,7,14,2024-07,41
2024-07-15,33.74305555555556,2024,7,15,2024-07,41
2024-07-16,33.44255744255744,2024,7,16,2024-07,41
2024-07-17,33.7906746031746,2024,7,17,2024-07,41
2024-07-18,34.1686507936508,2024,7,18,2024-07,41
2024-07-19,34.62103174603175,2024,7,19,2024-07,41
2024-07-20,34.83531746031746,2024,7,20,2024-07,41
2024-07-21,33.729166666666664,2024,7,21,2024-07,41
2024-07-22,33.68008048289738,2024,7,22,2024-07,41
2024-07-23,33.53472222222222,2024,7,23,2024-07,41
2024-07-24,34.580357142857146,2024,7,24,2024-07,41
2024-07-25,40.714285714285715,2024,7,25,2024-07,41
2024-07-26,35.99343119124673,2024,7,26,2024-07,41
2024-07-27,30.142857142857146,2024,7,27,2024-07,41
2024-07-28,27.438492063492067,2024,7,28,2024-07,41
2024-07-29,33.42628799771657,2024,7,29,2024-07,41
2024-07-30,33.20634920634921,2024,7,30,2024-07,41
2024-07-31,33.954365079365076,2024,7,31,2024-07,41
2024-08-01,33.201798201798205,2024,8,1,2024-08,42
2024-08-02,33.36507936507936,2024,8,2,2024-08,42
2024-08-03,33.64781746031746,2024,8,3,2024-08,42
2024-08-04,34.28971028971029,2024,8,4,2024-08,42
2024-08-05,33.34965034965035,2024,8,5,2024-08,42
2024-08-06,33.36210317460317,2024,8,6,2024-08,42
2024-08-07,34.20279720279721,2024,8,7,2024-08,42
2024-08-08,33.7281746031746,2024,8,8,2024-08,42
2024-08-09,34.21825396825397,2024,8,9,2024-08,42
2024-08-10,33.93606393606394,2024,8,10,2024-08,42
2024-08-11,34.07692307692307,2024,8,11,2024-08,42
2024-08-12,37.0734126984127,2024,8,12,2024-08,42
2024-08-13,34.794205794205794,2024,8,13,2024-08,42
2024-08-14,33.49305555555556,2024,8,14,2024-08,42
2024-08-15,33.6170634920635,2024,8,15,2024-08,42
2024-08-16,33.30257936507936,2024,8,16,2024-08,42
2024-08-17,32.78769841269842,2024,8,17,2024-08,42
2024-08-18,32.854166666666664,2024,8,18,2024-08,42
2024-08-19,33.518481518481515,2024,8,19,2024-08,42
2024-08-20,33.70329670329671,2024,8,20,2024-08,42
2024-08-21,33.82539682539682,2024,8,21,2024-08,42
2024-08-22,33.336663336663335,2024,8,22,2024-08,42
2024-08-23,33.76505994005994,2024,8,23,2024-08,42
2024-08-24,29.522477522477523,2024,8,24,2024-08,42
2024-08-25,31.185515873015873,2024,8,25,2024-08,42
2024-08-26,29.566468253968253,2024,8,26,2024-08,42
2024-08-27,29.4995004995005,2024,8,27,2024-08,42
2024-08-28,29.160839160839156,2024,8,28,2024-08,42
2024-08-29,28.934523809523814,2024,8,29,2024-08,42
2024-08-30,33.176526598401594,2024,8,30,2024-08,42
2024-08-31,28.766865079365083,2024,8,31,2024-08,42
2024-09-01,28.234126984126984,2024,9,1,2024-09,43
2024-09-02,37.068262885678614,2024,9,2,2024-09,43
2024-09-03,33.40376984126984,2024,9,3,2024-09,43
2024-09-04,33.39957958707959,2024,9,4,2024-09,43
2024-09-05,33.276785714285715,2024,9,5,2024-09,43
2024-09-06,33.9186507936508,2024,9,6,2024-09,43
2024-09-07,34.291666666666664,2024,9,7,2024-09,43
2024-09-08,33.97420634920635,2024,9,8,2024-09,43
2024-09-09,33.904095904095904,2024,9,9,2024-09,43
2024-09-10,33.86813186813186,2024,9,10,2024-09,43
2024-09-11,33.52414486921529,2024,9,11,2024-09,43
2024-09-12,34.19642857142857,2024,9,12,2024-09,43
2024-09-13,33.899100899100894,2024,9,13,2024-09,43
2024-09-14,34.20734126984127,2024,9,14,2024-09,43
2024-09-15,34.37400793650794,2024,9,15,2024-09,43
2024-09-16,33.38789682539683,2024,9,16,2024-09,43
2024-09-17,33.528755966255964,2024,9,17,2024-09,43
2024-09-18,34.138888888888886,2024,9,18,2024-09,43
2024-09-19,34.45754245754245,2024,9,19,2024-09,43
2024-09-20,36.781898656898655,2024,9,20,2024-09,43
2024-09-21,43.53775510204082,2024,9,21,2024-09,43
2024-09-22,38.3779761904762,2024,9,22,2024-09,43
2024-09-23,33.07539682539682,2024,9,23,2024-09,43
2024-09-24,32.891865079365076,2024,9,24,2024-09,43
2024-09-25,33.0625,2024,9,25,2024-09,43
2024-09-26,33.073412698412696,2024,9,26,2024-09,43
2024-09-27,33.629960317460316,2024,9,27,2024-09,43
2024-09-28,33.17782217782217,2024,9,28,2024-09,43
2024-09-29,33.22023809523809,2024,9,29,2024-09,43
2024-09-30,33.238761238761235,2024,9,30,2024-09,43
2024-10-01,33.42460317460318,2024,10,1,2024-10,44
2024-10-02,33.896825396825406,2024,10,2,2024-10,44
2024-10-03,34.36418511066399,2024,10,3,2024-10,44
2024-10-04,35.63636363636363,2024,10,4,2024-10,44
2024-10-05,32.925595238095234,2024,10,5,2024-10,44
2024-10-06,33.73926073926074,2024,10,6,2024-10,44
2024-10-07,36.3561507936508,2024,10,7,2024-10,44
2024-10-08,33.67460317460317,2024,10,8,2024-10,44
2024-10-09,33.871128871128874,2024,10,9,2024-10,44
2024-10-10,32.85914085914086,2024,10,10,2024-10,44
2024-10-11,34.03174603174603,2024,10,11,2024-10,44
2024-10-12,33.32043650793651,2024,10,12,2024-10,44
2024-10-13,33.43849206349206,2024,10,13,2024-10,44
2024-10-14,33.74025974025974,2024,10,14,2024-10,44
2024-10-15,33.44642857142857,2024,10,15,2024-10,44
2024-10-16,34.33966033966034,2024,10,16,2024-10,44
2024-10-17,33.614087301587304,2024,10,17,2024-10,44
2024-10-18,35.12103174603175,2024,10,18,2024-10,44
2024-10-19,34.40759240759241,2024,10,19,2024-10,44
2024-10-20,33.14682539682539,2024,10,20,2024-10,44
2024-10-21,33.6545399045399,2024,10,21,2024-10,44
2024-10-22,33.31002025497439,2024,10,22,2024-10,44
2024-10-23,34.53472222222222,2024,10,23,2024-10,44
2024-10-24,33.226434116342375,2024,10,24,2024-10,44
2024-10-25,33.469768170426065,2024,10,25,2024-10,44
2024-10-26,33.98701298701299,2024,10,26,2024-10,44
2024-10-27,34.104166666666664,2024,10,27,2024-10,44
2024-10-28,33.4766733389521,2024,10,28,2024-10,44
2024-10-29,33.5974025974026,2024,10,29,2024-10,44
2024-10-30,34.933531746031754,2024,10,30,2024-10,44
2024-10-31,33.44798059083773,2024,10,31,2024-10,44
2024-11-01,34.01138861138862,2024,11,1,2024-11,45
2024-11-02,35.507936507936506,2024,11,2,2024-11,45
2024-11-03,33.779761904761905,2024,11,3,2024-11,45
2024-11-04,35.59154929577465,2024,11,4,2024-11,45
2024-11-05,33.62103174603175,2024,11,5,2024-11,45
2024-11-06,34.6954365079365,2024,11,6,2024-11,45
2024-11-07,34.47852147852147,2024,11,7,2024-11,45
2024-11-08,33.02797202797203,2024,11,8,2024-11,45
2024-11-09,33.71230158730159,2024,11,9,2024-11,45
2024-11-10,34.13586413586413,2024,11,10,2024-11,45
2024-11-11,33.8313492063492,2024,11,11,2024-11,45
2024-11-12,35.04662698412698,2024,11,12,2024-11,45
2024-11-13,33.68186423505573,2024,11,13,2024-11,45
2024-11-14,34.3640873015873,2024,11,14,2024-11,45
2024-11-15,34.21121596849753,2024,11,15,2024-11,45
2024-11-16,21.747252747252748,2024,11,16,2024-11,45
2024-11-17,23.557244174265453,2024,11,17,2024-11,45
2024-11-18,35.52588000772191,2024,11,18,2024-11,45
2024-11-19,33.12687312687313,2024,11,19,2024-11,45
2024-11-20,33.75595238095239,2024,11,20,2024-11,45
2024-11-21,34.004960317460316,2024,11,21,2024-11,45
2024-11-22,35.244856680536294,2024,11,22,2024-11,45
2024-11-23,30.135864135864136,2024,11,23,2024-11,45
2024-11-24,29.378968253968253,2024,11,24,2024-11,45
2024-11-25,33.57752247752248,2024,11,25,2024-11,45
2024-11-26,34.297619047619044,2024,11,26,2024-11,45
2024-11-27,34.32539682539682,2024,11,27,2024-11,45
2024-11-28,36.04527162977867,2024,11,28,2024-11,45
2024-11-29,36.94146825396825,2024,11,29,2024-11,45
2024-11-30,37.49107142857143,2024,11,30,2024-11,45
2024-12-01,33.583333333333336,2024,12,1,2024-12,46
2024-12-02,33.723214285714285,2024,12,2,2024-12,46
2024-12-03,36.37726358148893,2024,12,3,2024-12,46
2024-12-04,35.40079365079365,2024,12,4,2024-12,46
2024-12-05,34.04960317460318,2024,12,5,2024-12,46
2024-12-06,37.122613154172555,2024,12,6,2024-12,46
2024-12-07,30.15674603174603,2024,12,7,2024-12,46
2024-12-08,29.967346938775513,2024,12,8,2024-12,46
2024-12-09,32.661832549473,2024,12,9,2024-12,46
2024-12-10,32.63095238095237,2024,12,10,2024-12,46
2024-12-11,32.904761904761905,2024,12,11,2024-12,46
2024-12-12,0.0,2024,12,12,2024-12,46
2024-12-13,0.0,2024,12,13,2024-12,46
2024-12-14,0.0,2024,12,14,2024-12,46
2024-12-15,0.0,2024,12,15,2024-12,46
2024-12-16,0.0,2024,12,16,2024-12,46
2024-12-17,0.0,2024,12,17,2024-12,46
2024-12-18,0.0,2024,12,18,2024-12,46
2024-12-19,0.0,2024,12,19,2024-12,46
2024-12-20,0.0,2024,12,20,2024-12,46
2024-12-21,0.0,2024,12,21,2024-12,46
2024-12-22,0.0,2024,12,22,2024-12,46
2024-12-23,0.0,2024,12,23,2024-12,46
2024-12-24,0.0,2024,12,24,2024-12,46
2024-12-25,0.0,2024,12,25,2024-12,46
2024-12-26,0.0,2024,12,26,2024-12,46
2024-12-27,0.0,2024,12,27,2024-12,46
2024-12-28,0.0,2024,12,28,2024-12,46
2024-12-29,0.0,2024,12,29,2024-12,46
2024-12-30,0.0,2024,12,30,2024-12,46
2024-12-31,0.0,2024,12,31,2024-12,46
2025-01-01,0.0,2025,1,1,2025-01,47
2025-01-02,0.0,2025,1,2,2025-01,47
2025-01-03,0.0,2025,1,3,2025-01,47
2025-01-04,0.0,2025,1,4,2025-01,47
2025-01-05,0.0,2025,1,5,2025-01,47
2025-01-06,0.0,2025,1,6,2025-01,47
2025-01-07,0.0,2025,1,7,2025-01,47
2025-01-08,0.0,2025,1,8,2025-01,47
