Time,Average,Year,Month,Day,YearMonth,Index
2021-03-17,59.126412146367066,2021,3,17,2021-03,1
2021-03-18,59.19861111111112,2021,3,18,2021-03,1
2021-03-19,59.366666666666674,2021,3,19,2021-03,1
2021-03-20,63.25555555555555,2021,3,20,2021-03,1
2021-03-21,62.169444444444444,2021,3,21,2021-03,1
2021-03-22,58.17361111111111,2021,3,22,2021-03,1
2021-03-23,58.66111111111111,2021,3,23,2021-03,1
2021-03-24,58.79861111111111,2021,3,24,2021-03,1
2021-03-25,58.59861111111111,2021,3,25,2021-03,1
2021-03-26,59.21111111111111,2021,3,26,2021-03,1
2021-03-27,59.34861111111111,2021,3,27,2021-03,1
2021-03-28,71.42777777777778,2021,3,28,2021-03,1
2021-03-29,57.7625,2021,3,29,2021-03,1
2021-03-30,58.6875,2021,3,30,2021-03,1
2021-03-31,58.94027777777777,2021,3,31,2021-03,1
2021-04-01,58.925,2021,4,1,2021-04,2
2021-04-02,58.740277777777784,2021,4,2,2021-04,2
2021-04-03,58.493055555555564,2021,4,3,2021-04,2
2021-04-04,60.78611111111111,2021,4,4,2021-04,2
2021-04-05,57.25138888888889,2021,4,5,2021-04,2
2021-04-06,57.819444444444436,2021,4,6,2021-04,2
2021-04-07,58.60138888888889,2021,4,7,2021-04,2
2021-04-08,58.88749999999999,2021,4,8,2021-04,2
2021-04-09,58.78888888888889,2021,4,9,2021-04,2
2021-04-10,58.88055555555555,2021,4,10,2021-04,2
2021-04-11,59.516666666666666,2021,4,11,2021-04,2
2021-04-12,61.53055555555555,2021,4,12,2021-04,2
2021-04-13,61.54722222222222,2021,4,13,2021-04,2
2021-04-14,57.659722222222214,2021,4,14,2021-04,2
2021-04-15,58.386111111111106,2021,4,15,2021-04,2
2021-04-16,59.93055555555556,2021,4,16,2021-04,2
2021-04-17,61.87777777777778,2021,4,17,2021-04,2
2021-04-18,57.966666666666676,2021,4,18,2021-04,2
2021-04-19,58.45277777777778,2021,4,19,2021-04,2
2021-04-20,58.53055555555555,2021,4,20,2021-04,2
2021-04-21,59.455555555555556,2021,4,21,2021-04,2
2021-04-22,59.53333333333334,2021,4,22,2021-04,2
2021-04-23,59.03611111111111,2021,4,23,2021-04,2
2021-04-24,59.34027777777777,2021,4,24,2021-04,2
2021-04-25,59.206944444444446,2021,4,25,2021-04,2
2021-04-26,58.72777777777778,2021,4,26,2021-04,2
2021-04-27,59.322222222222216,2021,4,27,2021-04,2
2021-04-28,60.08888888888888,2021,4,28,2021-04,2
2021-04-29,62.77222222222222,2021,4,29,2021-04,2
2021-04-30,57.37916666666668,2021,4,30,2021-04,2
2021-05-01,58.43333333333334,2021,5,1,2021-05,3
2021-05-02,58.5875,2021,5,2,2021-05,3
2021-05-03,58.19444444444444,2021,5,3,2021-05,3
2021-05-04,58.51666666666667,2021,5,4,2021-05,3
2021-05-05,66.75277777777777,2021,5,5,2021-05,3
2021-05-06,57.863888888888894,2021,5,6,2021-05,3
2021-05-07,59.845833333333324,2021,5,7,2021-05,3
2021-05-08,57.86111111111111,2021,5,8,2021-05,3
2021-05-09,57.91111111111111,2021,5,9,2021-05,3
2021-05-10,58.544444444444444,2021,5,10,2021-05,3
2021-05-11,59.43611111111111,2021,5,11,2021-05,3
2021-05-12,62.168055555555554,2021,5,12,2021-05,3
2021-05-13,57.669444444444444,2021,5,13,2021-05,3
2021-05-14,57.70138888888889,2021,5,14,2021-05,3
2021-05-15,60.17590326340327,2021,5,15,2021-05,3
2021-05-16,57.725,2021,5,16,2021-05,3
2021-05-17,59.61111111111111,2021,5,17,2021-05,3
2021-05-18,58.25,2021,5,18,2021-05,3
2021-05-19,57.82638888888889,2021,5,19,2021-05,3
2021-05-20,70.23472222222222,2021,5,20,2021-05,3
2021-05-21,58.73472222222223,2021,5,21,2021-05,3
2021-05-22,56.91805555555554,2021,5,22,2021-05,3
2021-05-23,57.99861111111111,2021,5,23,2021-05,3
2021-05-24,62.88888888888889,2021,5,24,2021-05,3
2021-05-25,56.802777777777784,2021,5,25,2021-05,3
2021-05-26,59.19305555555557,2021,5,26,2021-05,3
2021-05-27,68.22916666666666,2021,5,27,2021-05,3
2021-05-28,56.82777777777777,2021,5,28,2021-05,3
2021-05-29,57.383333333333326,2021,5,29,2021-05,3
2021-05-30,58.544444444444444,2021,5,30,2021-05,3
2021-05-31,58.93611111111111,2021,5,31,2021-05,3
2021-06-01,59.05833333333332,2021,6,1,2021-06,4
2021-06-02,58.43194444444445,2021,6,2,2021-06,4
2021-06-03,65.07222222222222,2021,6,3,2021-06,4
2021-06-04,68.11527777777778,2021,6,4,2021-06,4
2021-06-05,57.24166666666666,2021,6,5,2021-06,4
2021-06-06,57.5375,2021,6,6,2021-06,4
2021-06-07,57.79722222222223,2021,6,7,2021-06,4
2021-06-08,58.30555555555556,2021,6,8,2021-06,4
2021-06-09,59.18611111111111,2021,6,9,2021-06,4
2021-06-10,58.64861111111111,2021,6,10,2021-06,4
2021-06-11,58.34861111111111,2021,6,11,2021-06,4
2021-06-12,58.63055555555555,2021,6,12,2021-06,4
2021-06-13,58.652777777777786,2021,6,13,2021-06,4
2021-06-14,58.46805555555555,2021,6,14,2021-06,4
2021-06-15,58.383333333333326,2021,6,15,2021-06,4
2021-06-16,58.83611111111111,2021,6,16,2021-06,4
2021-06-17,57.4875,2021,6,17,2021-06,4
2021-06-18,65.49583333333332,2021,6,18,2021-06,4
2021-06-19,59.729166666666664,2021,6,19,2021-06,4
2021-06-20,58.39999999999999,2021,6,20,2021-06,4
2021-06-21,59.034722222222214,2021,6,21,2021-06,4
2021-06-22,58.823611111111106,2021,6,22,2021-06,4
2021-06-23,59.25694444444444,2021,6,23,2021-06,4
2021-06-24,59.03611111111111,2021,6,24,2021-06,4
2021-06-25,59.24722222222223,2021,6,25,2021-06,4
2021-06-26,59.55833333333334,2021,6,26,2021-06,4
2021-06-27,59.26527777777778,2021,6,27,2021-06,4
2021-06-28,60.277777777777786,2021,6,28,2021-06,4
2021-06-29,59.55,2021,6,29,2021-06,4
2021-06-30,59.65468142968143,2021,6,30,2021-06,4
2021-07-01,59.99583333333334,2021,7,1,2021-07,5
2021-07-02,59.61666666666666,2021,7,2,2021-07,5
2021-07-03,60.511111111111106,2021,7,3,2021-07,5
2021-07-04,58.20555555555554,2021,7,4,2021-07,5
2021-07-05,58.197222222222216,2021,7,5,2021-07,5
2021-07-06,58.76527777777778,2021,7,6,2021-07,5
2021-07-07,58.6375,2021,7,7,2021-07,5
2021-07-08,58.697222222222216,2021,7,8,2021-07,5
2021-07-09,65.39861111111111,2021,7,9,2021-07,5
2021-07-10,59.44027777777777,2021,7,10,2021-07,5
2021-07-11,57.98611111111111,2021,7,11,2021-07,5
2021-07-12,58.08888888888889,2021,7,12,2021-07,5
2021-07-13,58.35138888888889,2021,7,13,2021-07,5
2021-07-14,58.73472222222223,2021,7,14,2021-07,5
2021-07-15,58.731944444444444,2021,7,15,2021-07,5
2021-07-16,58.7875,2021,7,16,2021-07,5
2021-07-17,59.075,2021,7,17,2021-07,5
2021-07-18,58.79305555555554,2021,7,18,2021-07,5
2021-07-19,58.0125,2021,7,19,2021-07,5
2021-07-20,58.92361111111111,2021,7,20,2021-07,5
2021-07-21,59.366666666666674,2021,7,21,2021-07,5
2021-07-22,59.5625,2021,7,22,2021-07,5
2021-07-23,59.823125485625496,2021,7,23,2021-07,5
2021-07-24,59.689189976689974,2021,7,24,2021-07,5
2021-07-25,59.68888888888889,2021,7,25,2021-07,5
2021-07-26,59.514568764568764,2021,7,26,2021-07,5
2021-07-27,60.266666666666666,2021,7,27,2021-07,5
2021-07-28,60.39027777777778,2021,7,28,2021-07,5
2021-07-29,59.966666666666676,2021,7,29,2021-07,5
2021-07-30,60.17222222222222,2021,7,30,2021-07,5
2021-07-31,60.77916666666666,2021,7,31,2021-07,5
2021-08-01,59.761111111111106,2021,8,1,2021-08,6
2021-08-02,59.90555555555555,2021,8,2,2021-08,6
2021-08-03,58.96944444444445,2021,8,3,2021-08,6
2021-08-04,59.166666666666664,2021,8,4,2021-08,6
2021-08-05,59.631944444444436,2021,8,5,2021-08,6
2021-08-06,60.43194444444445,2021,8,6,2021-08,6
2021-08-07,59.93188616938617,2021,8,7,2021-08,6
2021-08-08,62.31111111111111,2021,8,8,2021-08,6
2021-08-09,62.965277777777786,2021,8,9,2021-08,6
2021-08-10,57.94583333333334,2021,8,10,2021-08,6
2021-08-11,61.00277777777778,2021,8,11,2021-08,6
2021-08-12,64.35972222222222,2021,8,12,2021-08,6
2021-08-13,65.14444444444443,2021,8,13,2021-08,6
2021-08-14,75.45972222222221,2021,8,14,2021-08,6
2021-08-15,60.31111111111111,2021,8,15,2021-08,6
2021-08-16,60.85,2021,8,16,2021-08,6
2021-08-17,60.96388888888889,2021,8,17,2021-08,6
2021-08-18,58.04027777777778,2021,8,18,2021-08,6
2021-08-19,58.19444444444444,2021,8,19,2021-08,6
2021-08-20,57.855555555555554,2021,8,20,2021-08,6
2021-08-21,57.27916666666666,2021,8,21,2021-08,6
2021-08-22,58.352777777777774,2021,8,22,2021-08,6
2021-08-23,57.0942671394799,2021,8,23,2021-08,6
2021-08-24,56.73472222222222,2021,8,24,2021-08,6
2021-08-25,57.76388888888888,2021,8,25,2021-08,6
2021-08-26,58.0375,2021,8,26,2021-08,6
2021-08-27,58.198611111111106,2021,8,27,2021-08,6
2021-08-28,58.15138888888889,2021,8,28,2021-08,6
2021-08-29,58.39583333333333,2021,8,29,2021-08,6
2021-08-30,58.58749999999999,2021,8,30,2021-08,6
2021-08-31,59.519444444444446,2021,8,31,2021-08,6
2021-09-01,59.14166666666667,2021,9,1,2021-09,7
2021-09-02,60.24722222222223,2021,9,2,2021-09,7
2021-09-03,65.59861111111111,2021,9,3,2021-09,7
2021-09-04,59.26388888888888,2021,9,4,2021-09,7
2021-09-05,58.27638888888888,2021,9,5,2021-09,7
2021-09-06,58.18888888888888,2021,9,6,2021-09,7
2021-09-07,58.456944444444446,2021,9,7,2021-09,7
2021-09-08,58.305283605283606,2021,9,8,2021-09,7
2021-09-09,58.66111111111111,2021,9,9,2021-09,7
2021-09-10,59.593055555555566,2021,9,10,2021-09,7
2021-09-11,59.44722222222223,2021,9,11,2021-09,7
2021-09-12,60.18333333333332,2021,9,12,2021-09,7
2021-09-13,60.580555555555556,2021,9,13,2021-09,7
2021-09-14,60.19305555555555,2021,9,14,2021-09,7
2021-09-15,60.62361111111111,2021,9,15,2021-09,7
2021-09-16,57.823611111111106,2021,9,16,2021-09,7
2021-09-17,64.74722222222223,2021,9,17,2021-09,7
2021-09-18,57.31388888888888,2021,9,18,2021-09,7
2021-09-19,57.488888888888894,2021,9,19,2021-09,7
2021-09-20,58.3415404040404,2021,9,20,2021-09,7
2021-09-21,58.13333333333334,2021,9,21,2021-09,7
2021-09-22,58.225,2021,9,22,2021-09,7
2021-09-23,58.88194444444444,2021,9,23,2021-09,7
2021-09-24,59.05555555555556,2021,9,24,2021-09,7
2021-09-25,59.39722222222222,2021,9,25,2021-09,7
2021-09-26,59.902777777777786,2021,9,26,2021-09,7
2021-09-27,59.081944444444446,2021,9,27,2021-09,7
2021-09-28,59.54722222222222,2021,9,28,2021-09,7
2021-09-29,59.41111111111111,2021,9,29,2021-09,7
2021-09-30,59.44722222222223,2021,9,30,2021-09,7
2021-10-01,59.269444444444446,2021,10,1,2021-10,8
2021-10-02,59.84305555555555,2021,10,2,2021-10,8
2021-10-03,60.74444444444445,2021,10,3,2021-10,8
2021-10-04,60.07777777777778,2021,10,4,2021-10,8
2021-10-05,60.13888888888889,2021,10,5,2021-10,8
2021-10-06,60.61464164546226,2021,10,6,2021-10,8
2021-10-07,60.636864289662796,2021,10,7,2021-10,8
2021-10-08,60.902777777777786,2021,10,8,2021-10,8
2021-10-09,61.05555555555556,2021,10,9,2021-10,8
2021-10-10,60.516666666666666,2021,10,10,2021-10,8
2021-10-11,60.95277777777778,2021,10,11,2021-10,8
2021-10-12,60.96666666666666,2021,10,12,2021-10,8
2021-10-13,60.368055555555564,2021,10,13,2021-10,8
2021-10-14,59.89861111111112,2021,10,14,2021-10,8
2021-10-15,60.993055555555564,2021,10,15,2021-10,8
2021-10-16,62.56805555555555,2021,10,16,2021-10,8
2021-10-17,60.46111111111112,2021,10,17,2021-10,8
2021-10-18,60.28888888888889,2021,10,18,2021-10,8
2021-10-19,60.88333333333334,2021,10,19,2021-10,8
2021-10-20,60.11805555555556,2021,10,20,2021-10,8
2021-10-21,60.801388888888894,2021,10,21,2021-10,8
2021-10-22,61.18888888888889,2021,10,22,2021-10,8
2021-10-23,59.99444444444445,2021,10,23,2021-10,8
2021-10-24,60.87916666666666,2021,10,24,2021-10,8
2021-10-25,61.64027777777778,2021,10,25,2021-10,8
2021-10-26,60.74305555555556,2021,10,26,2021-10,8
2021-10-27,60.780555555555544,2021,10,27,2021-10,8
2021-10-28,61.04305555555554,2021,10,28,2021-10,8
2021-10-29,60.61462418300654,2021,10,29,2021-10,8
2021-10-30,61.694444444444436,2021,10,30,2021-10,8
2021-10-31,61.87361111111112,2021,10,31,2021-10,8
2021-11-01,60.87083333333334,2021,11,1,2021-11,9
2021-11-02,61.02361111111111,2021,11,2,2021-11,9
2021-11-03,61.67500000000001,2021,11,3,2021-11,9
2021-11-04,61.231944444444444,2021,11,4,2021-11,9
2021-11-05,61.25694444444446,2021,11,5,2021-11,9
2021-11-06,61.11944444444445,2021,11,6,2021-11,9
2021-11-07,60.73611111111112,2021,11,7,2021-11,9
2021-11-08,61.802777777777784,2021,11,8,2021-11,9
2021-11-09,59.56805555555555,2021,11,9,2021-11,9
2021-11-10,62.425,2021,11,10,2021-11,9
2021-11-11,60.538888888888906,2021,11,11,2021-11,9
2021-11-12,59.718055555555566,2021,11,12,2021-11,9
2021-11-13,58.81666666666668,2021,11,13,2021-11,9
2021-11-14,58.83888888888889,2021,11,14,2021-11,9
2021-11-15,59.21944444444445,2021,11,15,2021-11,9
2021-11-16,59.572222222222216,2021,11,16,2021-11,9
2021-11-17,59.965277777777786,2021,11,17,2021-11,9
2021-11-18,59.968055555555566,2021,11,18,2021-11,9
2021-11-19,60.81388888888889,2021,11,19,2021-11,9
2021-11-20,60.2875,2021,11,20,2021-11,9
2021-11-21,60.91666666666667,2021,11,21,2021-11,9
2021-11-22,65.83611111111111,2021,11,22,2021-11,9
2021-11-23,60.072222222222216,2021,11,23,2021-11,9
2021-11-24,58.25277777777777,2021,11,24,2021-11,9
2021-11-25,58.545833333333334,2021,11,25,2021-11,9
2021-11-26,58.804166666666674,2021,11,26,2021-11,9
2021-11-27,59.49583333333334,2021,11,27,2021-11,9
2021-11-28,59.52222222222222,2021,11,28,2021-11,9
2021-11-29,59.75635738831615,2021,11,29,2021-11,9
2021-11-30,63.740277777777784,2021,11,30,2021-11,9
2021-12-01,58.219444444444434,2021,12,1,2021-12,10
2021-12-02,58.40580985915494,2021,12,2,2021-12,10
2021-12-03,60.22882011605416,2021,12,3,2021-12,10
2021-12-04,58.35416666666667,2021,12,4,2021-12,10
2021-12-05,59.530555555555566,2021,12,5,2021-12,10
2021-12-06,59.76388888888889,2021,12,6,2021-12,10
2021-12-07,59.74722222222223,2021,12,7,2021-12,10
2021-12-08,58.00694444444444,2021,12,8,2021-12,10
2021-12-09,58.62083333333334,2021,12,9,2021-12,10
2021-12-10,59.408333333333324,2021,12,10,2021-12,10
2021-12-11,59.977777777777774,2021,12,11,2021-12,10
2021-12-12,59.46249999999999,2021,12,12,2021-12,10
2021-12-13,59.369135948796966,2021,12,13,2021-12,10
2021-12-14,59.29501783893986,2021,12,14,2021-12,10
2021-12-15,59.24583333333334,2021,12,15,2021-12,10
2021-12-16,69.9388888888889,2021,12,16,2021-12,10
2021-12-17,61.80833333333334,2021,12,17,2021-12,10
2021-12-18,57.42222222222222,2021,12,18,2021-12,10
2021-12-19,58.266666666666666,2021,12,19,2021-12,10
2021-12-20,59.09020979020979,2021,12,20,2021-12,10
2021-12-21,58.84583333333334,2021,12,21,2021-12,10
2021-12-22,59.626984126984134,2021,12,22,2021-12,10
2021-12-23,48.23611111111111,2021,12,23,2021-12,10
2021-12-24,49.09027777777778,2021,12,24,2021-12,10
2021-12-25,47.46944444444445,2021,12,25,2021-12,10
2021-12-26,47.32083333333333,2021,12,26,2021-12,10
2021-12-27,47.34305555555556,2021,12,27,2021-12,10
2021-12-28,47.793055555555554,2021,12,28,2021-12,10
2021-12-29,49.24583333333334,2021,12,29,2021-12,10
2021-12-30,47.91388888888889,2021,12,30,2021-12,10
2021-12-31,47.9125,2021,12,31,2021-12,10
2022-01-01,47.955555555555556,2022,1,1,2022-01,11
2022-01-02,48.472222222222214,2022,1,2,2022-01,11
2022-01-03,48.240277777777784,2022,1,3,2022-01,11
2022-01-04,48.10544871794872,2022,1,4,2022-01,11
2022-01-05,48.863888888888894,2022,1,5,2022-01,11
2022-01-06,48.919444444444444,2022,1,6,2022-01,11
2022-01-07,48.29468599033817,2022,1,7,2022-01,11
2022-01-08,48.918788672204165,2022,1,8,2022-01,11
2022-01-09,48.81527777777778,2022,1,9,2022-01,11
2022-01-10,49.09583333333334,2022,1,10,2022-01,11
2022-01-11,51.48472222222222,2022,1,11,2022-01,11
2022-01-12,47.375,2022,1,12,2022-01,11
2022-01-13,48.212480574980574,2022,1,13,2022-01,11
2022-01-14,47.730555555555554,2022,1,14,2022-01,11
2022-01-15,48.766666666666666,2022,1,15,2022-01,11
2022-01-16,48.636111111111106,2022,1,16,2022-01,11
2022-01-17,47.859722222222224,2022,1,17,2022-01,11
2022-01-18,47.69027777777778,2022,1,18,2022-01,11
2022-01-19,48.36805555555556,2022,1,19,2022-01,11
2022-01-20,48.61225718725719,2022,1,20,2022-01,11
2022-01-21,47.9,2022,1,21,2022-01,11
2022-01-22,48.35138888888889,2022,1,22,2022-01,11
2022-01-23,53.988888888888894,2022,1,23,2022-01,11
2022-01-24,47.25,2022,1,24,2022-01,11
2022-01-25,47.31805555555555,2022,1,25,2022-01,11
2022-01-26,47.89444444444444,2022,1,26,2022-01,11
2022-01-27,48.45833333333333,2022,1,27,2022-01,11
2022-01-28,48.16805555555556,2022,1,28,2022-01,11
2022-01-29,48.22777777777778,2022,1,29,2022-01,11
2022-01-30,48.36388888888889,2022,1,30,2022-01,11
2022-01-31,48.01388888888889,2022,1,31,2022-01,11
2022-02-01,48.50923659673659,2022,2,1,2022-02,12
2022-02-02,48.20833333333333,2022,2,2,2022-02,12
2022-02-03,47.83888888888889,2022,2,3,2022-02,12
2022-02-04,48.02916666666667,2022,2,4,2022-02,12
2022-02-05,47.898611111111116,2022,2,5,2022-02,12
2022-02-06,47.78611111111111,2022,2,6,2022-02,12
2022-02-07,48.20972222222222,2022,2,7,2022-02,12
2022-02-08,48.608333333333334,2022,2,8,2022-02,12
2022-02-09,48.43194444444445,2022,2,9,2022-02,12
2022-02-10,48.96805555555555,2022,2,10,2022-02,12
2022-02-11,48.40694444444444,2022,2,11,2022-02,12
2022-02-12,48.73888888888889,2022,2,12,2022-02,12
2022-02-13,52.525,2022,2,13,2022-02,12
2022-02-14,48.009722222222216,2022,2,14,2022-02,12
2022-02-15,47.96388888888888,2022,2,15,2022-02,12
2022-02-16,47.64861111111111,2022,2,16,2022-02,12
2022-02-17,47.76666666666667,2022,2,17,2022-02,12
2022-02-18,48.18203185703186,2022,2,18,2022-02,12
2022-02-19,51.39166666666665,2022,2,19,2022-02,12
2022-02-20,47.90416666666666,2022,2,20,2022-02,12
2022-02-21,47.17916666666666,2022,2,21,2022-02,12
2022-02-22,47.57777777777778,2022,2,22,2022-02,12
2022-02-23,48.15833333333334,2022,2,23,2022-02,12
2022-02-24,47.53055555555555,2022,2,24,2022-02,12
2022-02-25,58.502070230607956,2022,2,25,2022-02,12
2022-02-26,59.197222222222216,2022,2,26,2022-02,12
2022-02-27,58.738888888888894,2022,2,27,2022-02,12
2022-02-28,59.395833333333336,2022,2,28,2022-02,12
2022-03-01,67.4625,2022,3,1,2022-03,13
2022-03-02,58.0375,2022,3,2,2022-03,13
2022-03-03,58.06944444444444,2022,3,3,2022-03,13
2022-03-04,59.155555555555566,2022,3,4,2022-03,13
2022-03-05,59.07970085470085,2022,3,5,2022-03,13
2022-03-06,58.206944444444446,2022,3,6,2022-03,13
2022-03-07,59.38055555555555,2022,3,7,2022-03,13
2022-03-08,59.709722222222226,2022,3,8,2022-03,13
2022-03-09,59.65253267973857,2022,3,9,2022-03,13
2022-03-10,59.68468320163886,2022,3,10,2022-03,13
2022-03-11,59.65277777777777,2022,3,11,2022-03,13
2022-03-12,59.44861111111112,2022,3,12,2022-03,13
2022-03-13,59.175,2022,3,13,2022-03,13
2022-03-14,58.55,2022,3,14,2022-03,13
2022-03-15,58.60972222222222,2022,3,15,2022-03,13
2022-03-16,59.55416666666666,2022,3,16,2022-03,13
2022-03-17,59.99305555555556,2022,3,17,2022-03,13
2022-03-18,66.38333333333333,2022,3,18,2022-03,13
2022-03-19,58.268055555555556,2022,3,19,2022-03,13
2022-03-20,58.01666666666667,2022,3,20,2022-03,13
2022-03-21,58.95277777777778,2022,3,21,2022-03,13
2022-03-22,63.045833333333334,2022,3,22,2022-03,13
2022-03-23,60.31111111111111,2022,3,23,2022-03,13
2022-03-24,58.722222222222214,2022,3,24,2022-03,13
2022-03-25,58.73472222222222,2022,3,25,2022-03,13
2022-03-26,63.62083333333334,2022,3,26,2022-03,13
2022-03-27,57.42361111111111,2022,3,27,2022-03,13
2022-03-28,57.69027777777777,2022,3,28,2022-03,13
2022-03-29,58.37638888888889,2022,3,29,2022-03,13
2022-03-30,58.159722222222214,2022,3,30,2022-03,13
2022-03-31,58.75138888888889,2022,3,31,2022-03,13
2022-04-01,57.49166666666666,2022,4,1,2022-04,14
2022-04-02,58.17083333333333,2022,4,2,2022-04,14
2022-04-03,58.979166666666664,2022,4,3,2022-04,14
2022-04-04,58.65306915306915,2022,4,4,2022-04,14
2022-04-05,59.075,2022,4,5,2022-04,14
2022-04-06,58.46527777777777,2022,4,6,2022-04,14
2022-04-07,58.93611111111111,2022,4,7,2022-04,14
2022-04-08,59.11805555555556,2022,4,8,2022-04,14
2022-04-09,59.42916666666666,2022,4,9,2022-04,14
2022-04-10,59.24305555555556,2022,4,10,2022-04,14
2022-04-11,58.926388888888894,2022,4,11,2022-04,14
2022-04-12,58.92777777777777,2022,4,12,2022-04,14
2022-04-13,58.97222222222223,2022,4,13,2022-04,14
2022-04-14,61.456944444444446,2022,4,14,2022-04,14
2022-04-15,57.64305555555554,2022,4,15,2022-04,14
2022-04-16,57.31805555555555,2022,4,16,2022-04,14
2022-04-17,58.59166666666666,2022,4,17,2022-04,14
2022-04-18,59.016666666666666,2022,4,18,2022-04,14
2022-04-19,59.136111111111106,2022,4,19,2022-04,14
2022-04-20,59.34305555555555,2022,4,20,2022-04,14
2022-04-21,63.30416666666666,2022,4,21,2022-04,14
2022-04-22,57.15555555555555,2022,4,22,2022-04,14
2022-04-23,58.568006993006996,2022,4,23,2022-04,14
2022-04-24,60.95694444444443,2022,4,24,2022-04,14
2022-04-25,58.27222222222222,2022,4,25,2022-04,14
2022-04-26,61.21388888888889,2022,4,26,2022-04,14
2022-04-27,58.49583333333332,2022,4,27,2022-04,14
2022-04-28,57.78611111111112,2022,4,28,2022-04,14
2022-04-29,64.20416666666667,2022,4,29,2022-04,14
2022-04-30,56.7875,2022,4,30,2022-04,14
2022-05-01,57.67916666666666,2022,5,1,2022-05,15
2022-05-02,58.22361111111111,2022,5,2,2022-05,15
2022-05-03,59.395833333333336,2022,5,3,2022-05,15
2022-05-04,58.24444444444445,2022,5,4,2022-05,15
2022-05-05,58.09583333333334,2022,5,5,2022-05,15
2022-05-06,58.28749999999999,2022,5,6,2022-05,15
2022-05-07,58.3375,2022,5,7,2022-05,15
2022-05-08,58.606944444444444,2022,5,8,2022-05,15
2022-05-09,58.90555555555555,2022,5,9,2022-05,15
2022-05-10,58.95297202797203,2022,5,10,2022-05,15
2022-05-11,60.363888888888894,2022,5,11,2022-05,15
2022-05-12,59.990277777777784,2022,5,12,2022-05,15
2022-05-13,65.9388888888889,2022,5,13,2022-05,15
2022-05-14,57.720833333333324,2022,5,14,2022-05,15
2022-05-15,58.41388888888889,2022,5,15,2022-05,15
2022-05-16,58.290277777777774,2022,5,16,2022-05,15
2022-05-17,58.6375,2022,5,17,2022-05,15
2022-05-18,58.881944444444436,2022,5,18,2022-05,15
2022-05-19,58.988888888888894,2022,5,19,2022-05,15
2022-05-20,59.511111111111106,2022,5,20,2022-05,15
2022-05-21,58.90277777777777,2022,5,21,2022-05,15
2022-05-22,59.405555555555566,2022,5,22,2022-05,15
2022-05-23,59.605555555555554,2022,5,23,2022-05,15
2022-05-24,60.17361111111111,2022,5,24,2022-05,15
2022-05-25,59.25555555555555,2022,5,25,2022-05,15
2022-05-26,59.508333333333326,2022,5,26,2022-05,15
2022-05-27,59.144444444444446,2022,5,27,2022-05,15
2022-05-28,58.93888888888889,2022,5,28,2022-05,15
2022-05-29,59.948611111111106,2022,5,29,2022-05,15
2022-05-30,65.11944444444445,2022,5,30,2022-05,15
2022-05-31,58.645833333333336,2022,5,31,2022-05,15
2022-06-01,59.45277777777777,2022,6,1,2022-06,16
2022-06-02,58.8,2022,6,2,2022-06,16
2022-06-03,59.14583333333333,2022,6,3,2022-06,16
2022-06-04,59.74027777777777,2022,6,4,2022-06,16
2022-06-05,66.74305555555556,2022,6,5,2022-06,16
2022-06-06,63.25972222222223,2022,6,6,2022-06,16
2022-06-07,56.958333333333336,2022,6,7,2022-06,16
2022-06-08,57.56388888888889,2022,6,8,2022-06,16
2022-06-09,58.44444444444444,2022,6,9,2022-06,16
2022-06-10,58.405555555555544,2022,6,10,2022-06,16
2022-06-11,60.14861111111111,2022,6,11,2022-06,16
2022-06-12,58.68055555555556,2022,6,12,2022-06,16
2022-06-13,60.81388888888889,2022,6,13,2022-06,16
2022-06-14,63.72638888888889,2022,6,14,2022-06,16
2022-06-15,58.50416666666668,2022,6,15,2022-06,16
2022-06-16,57.93194444444445,2022,6,16,2022-06,16
2022-06-17,58.07857981220657,2022,6,17,2022-06,16
2022-06-18,58.5,2022,6,18,2022-06,16
2022-06-19,58.09166666666666,2022,6,19,2022-06,16
2022-06-20,58.43611111111111,2022,6,20,2022-06,16
2022-06-21,63.165277777777774,2022,6,21,2022-06,16
2022-06-22,58.104166666666664,2022,6,22,2022-06,16
2022-06-23,57.55277777777777,2022,6,23,2022-06,16
2022-06-24,57.141666666666666,2022,6,24,2022-06,16
2022-06-25,60.379487179487185,2022,6,25,2022-06,16
2022-06-26,57.10972222222222,2022,6,26,2022-06,16
2022-06-27,56.946484071484065,2022,6,27,2022-06,16
2022-06-28,56.91666666666667,2022,6,28,2022-06,16
2022-06-29,57.355555555555554,2022,6,29,2022-06,16
2022-06-30,57.84444444444445,2022,6,30,2022-06,16
2022-07-01,59.0625,2022,7,1,2022-07,17
2022-07-02,59.46944444444445,2022,7,2,2022-07,17
2022-07-03,58.63333333333334,2022,7,3,2022-07,17
2022-07-04,58.543055555555554,2022,7,4,2022-07,17
2022-07-05,58.29583333333333,2022,7,5,2022-07,17
2022-07-06,58.83194444444443,2022,7,6,2022-07,17
2022-07-07,59.22361111111111,2022,7,7,2022-07,17
2022-07-08,58.919444444444444,2022,7,8,2022-07,17
2022-07-09,60.35972222222222,2022,7,9,2022-07,17
2022-07-10,58.86678321678321,2022,7,10,2022-07,17
2022-07-11,58.56944444444444,2022,7,11,2022-07,17
2022-07-12,58.47083333333334,2022,7,12,2022-07,17
2022-07-13,59.12361111111111,2022,7,13,2022-07,17
2022-07-14,61.80833333333332,2022,7,14,2022-07,17
2022-07-15,58.93611111111111,2022,7,15,2022-07,17
2022-07-16,60.81805555555555,2022,7,16,2022-07,17
2022-07-17,58.90555555555555,2022,7,17,2022-07,17
2022-07-18,66.5625,2022,7,18,2022-07,17
2022-07-19,73.38194444444444,2022,7,19,2022-07,17
2022-07-20,57.5625,2022,7,20,2022-07,17
2022-07-21,58.543055555555554,2022,7,21,2022-07,17
2022-07-22,57.81388888888889,2022,7,22,2022-07,17
2022-07-23,58.5125,2022,7,23,2022-07,17
2022-07-24,58.90833333333334,2022,7,24,2022-07,17
2022-07-25,59.0,2022,7,25,2022-07,17
2022-07-26,59.15833333333334,2022,7,26,2022-07,17
2022-07-27,59.83750000000001,2022,7,27,2022-07,17
2022-07-28,58.677777777777784,2022,7,28,2022-07,17
2022-07-29,59.19583333333334,2022,7,29,2022-07,17
2022-07-30,58.527777777777786,2022,7,30,2022-07,17
2022-07-31,58.145833333333336,2022,7,31,2022-07,17
2022-08-01,58.20972222222222,2022,8,1,2022-08,18
2022-08-02,58.39861111111111,2022,8,2,2022-08,18
2022-08-03,59.09166666666666,2022,8,3,2022-08,18
2022-08-04,59.179166666666674,2022,8,4,2022-08,18
2022-08-05,60.31944444444444,2022,8,5,2022-08,18
2022-08-06,58.551388888888894,2022,8,6,2022-08,18
2022-08-07,59.08611111111111,2022,8,7,2022-08,18
2022-08-08,58.93888888888889,2022,8,8,2022-08,18
2022-08-09,59.108333333333334,2022,8,9,2022-08,18
2022-08-10,58.926388888888894,2022,8,10,2022-08,18
2022-08-11,59.133333333333326,2022,8,11,2022-08,18
2022-08-12,59.59444444444445,2022,8,12,2022-08,18
2022-08-13,60.222222222222214,2022,8,13,2022-08,18
2022-08-14,59.511111111111106,2022,8,14,2022-08,18
2022-08-15,59.66388888888888,2022,8,15,2022-08,18
2022-08-16,58.18472222222223,2022,8,16,2022-08,18
2022-08-17,59.17916666666665,2022,8,17,2022-08,18
2022-08-18,60.323611111111106,2022,8,18,2022-08,18
2022-08-19,58.33333333333333,2022,8,19,2022-08,18
2022-08-20,60.09166666666666,2022,8,20,2022-08,18
2022-08-21,60.34861111111111,2022,8,21,2022-08,18
2022-08-22,58.86666666666666,2022,8,22,2022-08,18
2022-08-23,58.731944444444444,2022,8,23,2022-08,18
2022-08-24,59.731944444444444,2022,8,24,2022-08,18
2022-08-25,58.78055555555555,2022,8,25,2022-08,18
2022-08-26,59.25555555555555,2022,8,26,2022-08,18
2022-08-27,59.76666666666667,2022,8,27,2022-08,18
2022-08-28,59.58888888888889,2022,8,28,2022-08,18
2022-08-29,60.01388888888889,2022,8,29,2022-08,18
2022-08-30,60.84764957264957,2022,8,30,2022-08,18
2022-08-31,59.845833333333324,2022,8,31,2022-08,18
2022-09-01,61.168055555555554,2022,9,1,2022-09,19
2022-09-02,58.44027777777778,2022,9,2,2022-09,19
2022-09-03,58.85277777777778,2022,9,3,2022-09,19
2022-09-04,58.3625,2022,9,4,2022-09,19
2022-09-05,57.65,2022,9,5,2022-09,19
2022-09-06,58.509722222222216,2022,9,6,2022-09,19
2022-09-07,58.74861111111111,2022,9,7,2022-09,19
2022-09-08,58.9,2022,9,8,2022-09,19
2022-09-09,59.65000000000001,2022,9,9,2022-09,19
2022-09-10,60.06944444444444,2022,9,10,2022-09,19
2022-09-11,60.4375,2022,9,11,2022-09,19
2022-09-12,60.479166666666664,2022,9,12,2022-09,19
2022-09-13,60.83611111111111,2022,9,13,2022-09,19
2022-09-14,60.35138888888889,2022,9,14,2022-09,19
2022-09-15,60.409722222222214,2022,9,15,2022-09,19
2022-09-16,60.140714840714836,2022,9,16,2022-09,19
2022-09-17,60.30833333333334,2022,9,17,2022-09,19
2022-09-18,62.67040229885058,2022,9,18,2022-09,19
2022-09-19,55.18333333333332,2022,9,19,2022-09,19
2022-09-20,56.7014619883041,2022,9,20,2022-09,19
2022-09-21,57.31111111111111,2022,9,21,2022-09,19
2022-09-22,57.980555555555554,2022,9,22,2022-09,19
2022-09-23,58.9,2022,9,23,2022-09,19
2022-09-24,58.7625,2022,9,24,2022-09,19
2022-09-25,59.49583333333334,2022,9,25,2022-09,19
2022-09-26,60.90138888888889,2022,9,26,2022-09,19
2022-09-27,63.62222222222223,2022,9,27,2022-09,19
2022-09-28,58.17499999999999,2022,9,28,2022-09,19
2022-09-29,58.670833333333334,2022,9,29,2022-09,19
2022-09-30,58.94305555555555,2022,9,30,2022-09,19
2022-10-01,59.79166666666667,2022,10,1,2022-10,20
2022-10-02,60.05833333333332,2022,10,2,2022-10,20
2022-10-03,58.64861111111111,2022,10,3,2022-10,20
2022-10-04,58.615277777777784,2022,10,4,2022-10,20
2022-10-05,58.33600746268655,2022,10,5,2022-10,20
2022-10-06,58.96404261967255,2022,10,6,2022-10,20
2022-10-07,62.70416666666667,2022,10,7,2022-10,20
2022-10-08,58.01388888888889,2022,10,8,2022-10,20
2022-10-09,63.15416666666666,2022,10,9,2022-10,20
2022-10-10,59.47083333333334,2022,10,10,2022-10,20
2022-10-11,58.543055555555554,2022,10,11,2022-10,20
2022-10-12,58.955555555555556,2022,10,12,2022-10,20
2022-10-13,58.76666666666667,2022,10,13,2022-10,20
2022-10-14,59.269444444444446,2022,10,14,2022-10,20
2022-10-15,60.030555555555566,2022,10,15,2022-10,20
2022-10-16,60.02916666666666,2022,10,16,2022-10,20
2022-10-17,59.555555555555564,2022,10,17,2022-10,20
2022-10-18,58.606944444444444,2022,10,18,2022-10,20
2022-10-19,59.18888888888888,2022,10,19,2022-10,20
2022-10-20,59.519444444444446,2022,10,20,2022-10,20
2022-10-21,59.8875,2022,10,21,2022-10,20
2022-10-22,59.466666666666676,2022,10,22,2022-10,20
2022-10-23,59.73472222222222,2022,10,23,2022-10,20
2022-10-24,60.425,2022,10,24,2022-10,20
2022-10-25,60.12916666666666,2022,10,25,2022-10,20
2022-10-26,59.301388888888894,2022,10,26,2022-10,20
2022-10-27,60.302777777777784,2022,10,27,2022-10,20
2022-10-28,60.35661764705882,2022,10,28,2022-10,20
2022-10-29,59.90555555555555,2022,10,29,2022-10,20
2022-10-30,59.80555555555556,2022,10,30,2022-10,20
2022-10-31,59.875,2022,10,31,2022-10,20
2022-11-01,61.170833333333334,2022,11,1,2022-11,21
2022-11-02,60.43333333333332,2022,11,2,2022-11,21
2022-11-03,60.85555555555557,2022,11,3,2022-11,21
2022-11-04,60.32222222222223,2022,11,4,2022-11,21
2022-11-05,61.052777777777784,2022,11,5,2022-11,21
2022-11-06,60.99861111111111,2022,11,6,2022-11,21
2022-11-07,61.13263888888889,2022,11,7,2022-11,21
2022-11-08,60.912096774193536,2022,11,8,2022-11,21
2022-11-09,61.1849358974359,2022,11,9,2022-11,21
2022-11-10,61.418714203894616,2022,11,10,2022-11,21
2022-11-11,61.075,2022,11,11,2022-11,21
2022-11-12,61.519444444444446,2022,11,12,2022-11,21
2022-11-13,61.2375,2022,11,13,2022-11,21
2022-11-14,59.65694444444445,2022,11,14,2022-11,21
2022-11-15,60.676388888888894,2022,11,15,2022-11,21
2022-11-16,60.62361111111111,2022,11,16,2022-11,21
2022-11-17,61.42500000000001,2022,11,17,2022-11,21
2022-11-18,61.62638888888889,2022,11,18,2022-11,21
2022-11-19,60.991666666666674,2022,11,19,2022-11,21
2022-11-20,62.99861111111112,2022,11,20,2022-11,21
2022-11-21,61.097222222222214,2022,11,21,2022-11,21
2022-11-22,61.33333333333333,2022,11,22,2022-11,21
2022-11-23,67.97361111111111,2022,11,23,2022-11,21
2022-11-24,58.831944444444446,2022,11,24,2022-11,21
2022-11-25,59.48611111111112,2022,11,25,2022-11,21
2022-11-26,59.729166666666664,2022,11,26,2022-11,21
2022-11-27,60.15138888888889,2022,11,27,2022-11,21
2022-11-28,59.92750405515005,2022,11,28,2022-11,21
2022-11-29,63.6875,2022,11,29,2022-11,21
2022-11-30,58.948611111111106,2022,11,30,2022-11,21
2022-12-01,58.05972222222222,2022,12,1,2022-12,22
2022-12-02,58.48055555555557,2022,12,2,2022-12,22
2022-12-03,60.15138888888889,2022,12,3,2022-12,22
2022-12-04,60.340277777777786,2022,12,4,2022-12,22
2022-12-05,58.927777777777784,2022,12,5,2022-12,22
2022-12-06,59.175,2022,12,6,2022-12,22
2022-12-07,59.24861111111112,2022,12,7,2022-12,22
2022-12-08,59.675,2022,12,8,2022-12,22
2022-12-09,60.78611111111111,2022,12,9,2022-12,22
2022-12-10,60.95694444444443,2022,12,10,2022-12,22
2022-12-11,60.52361111111111,2022,12,11,2022-12,22
2022-12-12,59.073611111111106,2022,12,12,2022-12,22
2022-12-13,60.10138888888889,2022,12,13,2022-12,22
2022-12-14,59.10694444444444,2022,12,14,2022-12,22
2022-12-15,58.644444444444446,2022,12,15,2022-12,22
2022-12-16,60.03717948717949,2022,12,16,2022-12,22
2022-12-17,61.86250000000001,2022,12,17,2022-12,22
2022-12-18,59.693055555555546,2022,12,18,2022-12,22
2022-12-19,59.00138888888889,2022,12,19,2022-12,22
2022-12-20,59.81916666666666,2022,12,20,2022-12,22
2022-12-21,64.76728395061728,2022,12,21,2022-12,22
2022-12-22,62.832700421940935,2022,12,22,2022-12,22
2022-12-23,64.07361111111112,2022,12,23,2022-12,22
2022-12-24,59.94027777777777,2022,12,24,2022-12,22
2022-12-25,58.99861111111111,2022,12,25,2022-12,22
2022-12-26,58.87361111111111,2022,12,26,2022-12,22
2022-12-27,59.93148148148148,2022,12,27,2022-12,22
2022-12-28,48.26805555555556,2022,12,28,2022-12,22
2022-12-29,48.0,2022,12,29,2022-12,22
2022-12-30,48.083333333333336,2022,12,30,2022-12,22
2022-12-31,48.18194444444445,2022,12,31,2022-12,22
2023-01-01,47.884722222222216,2023,1,1,2023-01,23
2023-01-02,48.051388888888894,2023,1,2,2023-01,23
2023-01-03,48.027777777777786,2023,1,3,2023-01,23
2023-01-04,48.00138888888889,2023,1,4,2023-01,23
2023-01-05,48.53611111111112,2023,1,5,2023-01,23
2023-01-06,49.0125,2023,1,6,2023-01,23
2023-01-07,50.24392118863049,2023,1,7,2023-01,23
2023-01-08,48.31527777777778,2023,1,8,2023-01,23
2023-01-09,48.99583333333334,2023,1,9,2023-01,23
2023-01-10,48.07083333333334,2023,1,10,2023-01,23
2023-01-11,49.2,2023,1,11,2023-01,23
2023-01-12,49.583333333333336,2023,1,12,2023-01,23
2023-01-13,62.961974474474474,2023,1,13,2023-01,23
2023-01-14,63.56805555555557,2023,1,14,2023-01,23
2023-01-15,59.18194444444445,2023,1,15,2023-01,23
2023-01-16,59.677777777777784,2023,1,16,2023-01,23
2023-01-17,58.99444444444445,2023,1,17,2023-01,23
2023-01-18,58.67571872571873,2023,1,18,2023-01,23
2023-01-19,59.278149452269176,2023,1,19,2023-01,23
2023-01-20,58.4761655011655,2023,1,20,2023-01,23
2023-01-21,58.59625097125097,2023,1,21,2023-01,23
2023-01-22,61.929166666666674,2023,1,22,2023-01,23
2023-01-23,62.3810606060606,2023,1,23,2023-01,23
2023-01-24,59.97361111111111,2023,1,24,2023-01,23
2023-01-25,57.18055555555556,2023,1,25,2023-01,23
2023-01-26,58.563607226107216,2023,1,26,2023-01,23
2023-01-27,58.958333333333336,2023,1,27,2023-01,23
2023-01-28,57.983333333333334,2023,1,28,2023-01,23
2023-01-29,58.516666666666666,2023,1,29,2023-01,23
2023-01-30,58.60972222222222,2023,1,30,2023-01,23
2023-01-31,58.868055555555564,2023,1,31,2023-01,23
2023-02-01,59.30416666666666,2023,2,1,2023-02,24
2023-02-02,58.59305555555555,2023,2,2,2023-02,24
2023-02-03,59.584722222222226,2023,2,3,2023-02,24
2023-02-04,59.53472222222223,2023,2,4,2023-02,24
2023-02-05,59.545833333333334,2023,2,5,2023-02,24
2023-02-06,61.845833333333324,2023,2,6,2023-02,24
2023-02-07,61.99444444444445,2023,2,7,2023-02,24
2023-02-08,58.79027777777778,2023,2,8,2023-02,24
2023-02-09,58.932210401891254,2023,2,9,2023-02,24
2023-02-10,64.01527777777777,2023,2,10,2023-02,24
2023-02-11,58.418055555555554,2023,2,11,2023-02,24
2023-02-12,61.26575059101655,2023,2,12,2023-02,24
2023-02-13,66.37777777777777,2023,2,13,2023-02,24
2023-02-14,58.081944444444446,2023,2,14,2023-02,24
2023-02-15,58.105555555555554,2023,2,15,2023-02,24
2023-02-16,57.74305555555556,2023,2,16,2023-02,24
2023-02-17,58.88055555555555,2023,2,17,2023-02,24
2023-02-18,62.32638888888889,2023,2,18,2023-02,24
2023-02-19,62.009722222222216,2023,2,19,2023-02,24
2023-02-20,58.09583333333334,2023,2,20,2023-02,24
2023-02-21,58.46388888888889,2023,2,21,2023-02,24
2023-02-22,58.06111111111111,2023,2,22,2023-02,24
2023-02-23,58.930555555555564,2023,2,23,2023-02,24
2023-02-24,60.920833333333334,2023,2,24,2023-02,24
2023-02-25,59.5125,2023,2,25,2023-02,24
2023-02-26,58.37638888888889,2023,2,26,2023-02,24
2023-02-27,58.653888888888886,2023,2,27,2023-02,24
2023-02-28,58.99444444444445,2023,2,28,2023-02,24
2023-03-01,60.09250994103936,2023,3,1,2023-03,25
2023-03-02,58.113888888888894,2023,3,2,2023-03,25
2023-03-03,58.765025252525255,2023,3,3,2023-03,25
2023-03-04,59.32638888888889,2023,3,4,2023-03,25
2023-03-05,58.97361111111112,2023,3,5,2023-03,25
2023-03-06,59.468055555555566,2023,3,6,2023-03,25
2023-03-07,59.194094794094795,2023,3,7,2023-03,25
2023-03-08,59.08888888888888,2023,3,8,2023-03,25
2023-03-09,58.97083333333334,2023,3,9,2023-03,25
2023-03-10,59.13976917057903,2023,3,10,2023-03,25
2023-03-11,59.88888888888888,2023,3,11,2023-03,25
2023-03-12,61.24583333333332,2023,3,12,2023-03,25
2023-03-13,58.49722222222222,2023,3,13,2023-03,25
2023-03-14,59.945833333333326,2023,3,14,2023-03,25
2023-03-15,59.87222222222223,2023,3,15,2023-03,25
2023-03-16,59.48472222222222,2023,3,16,2023-03,25
2023-03-17,61.30555555555556,2023,3,17,2023-03,25
2023-03-18,61.531944444444434,2023,3,18,2023-03,25
2023-03-19,59.50833333333334,2023,3,19,2023-03,25
2023-03-20,60.016666666666666,2023,3,20,2023-03,25
2023-03-21,64.92222222222222,2023,3,21,2023-03,25
2023-03-22,58.12619463869464,2023,3,22,2023-03,25
2023-03-23,60.27361111111112,2023,3,23,2023-03,25
2023-03-24,57.95,2023,3,24,2023-03,25
2023-03-25,59.5,2023,3,25,2023-03,25
2023-03-26,62.53472222222223,2023,3,26,2023-03,25
2023-03-27,58.14861111111111,2023,3,27,2023-03,25
2023-03-28,58.46805555555555,2023,3,28,2023-03,25
2023-03-29,58.675,2023,3,29,2023-03,25
2023-03-30,59.13055555555555,2023,3,30,2023-03,25
2023-03-31,59.02916666666666,2023,3,31,2023-03,25
2023-04-01,59.248008935508935,2023,4,1,2023-04,26
2023-04-02,58.96805555555555,2023,4,2,2023-04,26
2023-04-03,58.58888888888889,2023,4,3,2023-04,26
2023-04-04,58.97083333333334,2023,4,4,2023-04,26
2023-04-05,60.56111111111111,2023,4,5,2023-04,26
2023-04-06,58.63329420970266,2023,4,6,2023-04,26
2023-04-07,62.854166666666664,2023,4,7,2023-04,26
2023-04-08,57.323611111111106,2023,4,8,2023-04,26
2023-04-09,58.07638888888889,2023,4,9,2023-04,26
2023-04-10,58.02222222222222,2023,4,10,2023-04,26
2023-04-11,57.94444444444444,2023,4,11,2023-04,26
2023-04-12,58.87638888888889,2023,4,12,2023-04,26
2023-04-13,58.229166666666664,2023,4,13,2023-04,26
2023-04-14,62.17361111111111,2023,4,14,2023-04,26
2023-04-15,66.05,2023,4,15,2023-04,26
2023-04-16,58.613888888888894,2023,4,16,2023-04,26
2023-04-17,57.29222082690393,2023,4,17,2023-04,26
2023-04-18,57.695833333333326,2023,4,18,2023-04,26
2023-04-19,58.01081002331002,2023,4,19,2023-04,26
2023-04-20,57.96424825174826,2023,4,20,2023-04,26
2023-04-21,58.222222222222214,2023,4,21,2023-04,26
2023-04-22,57.82083333333334,2023,4,22,2023-04,26
2023-04-23,58.26240287490289,2023,4,23,2023-04,26
2023-04-24,59.025,2023,4,24,2023-04,26
2023-04-25,69.04692754054456,2023,4,25,2023-04,26
2023-04-26,60.323611111111106,2023,4,26,2023-04,26
2023-04-27,57.74444444444445,2023,4,27,2023-04,26
2023-04-28,57.72916666666667,2023,4,28,2023-04,26
2023-04-29,67.5013888888889,2023,4,29,2023-04,26
2023-04-30,57.8875,2023,4,30,2023-04,26
2023-05-01,57.47083333333334,2023,5,1,2023-05,27
2023-05-02,58.1375,2023,5,2,2023-05,27
2023-05-03,58.268055555555556,2023,5,3,2023-05,27
2023-05-04,57.89999999999999,2023,5,4,2023-05,27
2023-05-05,57.580555555555556,2023,5,5,2023-05,27
2023-05-06,63.57777777777777,2023,5,6,2023-05,27
2023-05-07,70.72083333333333,2023,5,7,2023-05,27
2023-05-08,56.77638888888889,2023,5,8,2023-05,27
2023-05-09,57.03888888888888,2023,5,9,2023-05,27
2023-05-10,57.916666666666664,2023,5,10,2023-05,27
2023-05-11,58.43953962703963,2023,5,11,2023-05,27
2023-05-12,58.57216394716395,2023,5,12,2023-05,27
2023-05-13,63.76461732711732,2023,5,13,2023-05,27
2023-05-14,57.68888888888888,2023,5,14,2023-05,27
2023-05-15,57.580555555555556,2023,5,15,2023-05,27
2023-05-16,58.134722222222216,2023,5,16,2023-05,27
2023-05-17,58.540277777777774,2023,5,17,2023-05,27
2023-05-18,60.56805555555555,2023,5,18,2023-05,27
2023-05-19,60.90583333333334,2023,5,19,2023-05,27
2023-05-20,45.93888888888888,2023,5,20,2023-05,27
2023-05-21,46.57638888888889,2023,5,21,2023-05,27
2023-05-22,59.15,2023,5,22,2023-05,27
2023-05-23,57.99305555555556,2023,5,23,2023-05,27
2023-05-24,58.3375,2023,5,24,2023-05,27
2023-05-25,58.444444444444436,2023,5,25,2023-05,27
2023-05-26,58.159722222222214,2023,5,26,2023-05,27
2023-05-27,58.20277777777777,2023,5,27,2023-05,27
2023-05-28,58.15356449106448,2023,5,28,2023-05,27
2023-05-29,58.954166666666666,2023,5,29,2023-05,27
2023-05-30,65.3638888888889,2023,5,30,2023-05,27
2023-05-31,59.71111111111111,2023,5,31,2023-05,27
2023-06-01,57.93611111111111,2023,6,1,2023-06,28
2023-06-02,59.50694444444444,2023,6,2,2023-06,28
2023-06-03,57.59583333333334,2023,6,3,2023-06,28
2023-06-04,58.277777777777786,2023,6,4,2023-06,28
2023-06-05,58.720833333333324,2023,6,5,2023-06,28
2023-06-06,64.47777777777779,2023,6,6,2023-06,28
2023-06-07,57.46944444444445,2023,6,7,2023-06,28
2023-06-08,64.54722222222223,2023,6,8,2023-06,28
2023-06-09,57.27777777777777,2023,6,9,2023-06,28
2023-06-10,58.48798562548562,2023,6,10,2023-06,28
2023-06-11,57.23611111111111,2023,6,11,2023-06,28
2023-06-12,57.46329642579643,2023,6,12,2023-06,28
2023-06-13,57.26527777777778,2023,6,13,2023-06,28
2023-06-14,58.15833333333334,2023,6,14,2023-06,28
2023-06-15,58.758333333333326,2023,6,15,2023-06,28
2023-06-16,57.750203962703964,2023,6,16,2023-06,28
2023-06-17,58.350670163170165,2023,6,17,2023-06,28
2023-06-18,58.9,2023,6,18,2023-06,28
2023-06-19,59.33953962703963,2023,6,19,2023-06,28
2023-06-20,59.027777777777786,2023,6,20,2023-06,28
2023-06-21,64.38888888888889,2023,6,21,2023-06,28
2023-06-22,57.69305555555555,2023,6,22,2023-06,28
2023-06-23,57.62222222222222,2023,6,23,2023-06,28
2023-06-24,58.399358974358975,2023,6,24,2023-06,28
2023-06-25,59.454166666666666,2023,6,25,2023-06,28
2023-06-26,57.60536130536131,2023,6,26,2023-06,28
2023-06-27,56.86541375291375,2023,6,27,2023-06,28
2023-06-28,57.443142968142965,2023,6,28,2023-06,28
2023-06-29,56.94498341625207,2023,6,29,2023-06,28
2023-06-30,60.79222222222222,2023,6,30,2023-06,28
2023-07-01,68.1736111111111,2023,7,1,2023-07,29
2023-07-02,51.480555555555554,2023,7,2,2023-07,29
2023-07-03,52.540277777777774,2023,7,3,2023-07,29
2023-07-04,51.68472222222223,2023,7,4,2023-07,29
2023-07-05,62.241958041958036,2023,7,5,2023-07,29
2023-07-06,57.78611111111111,2023,7,6,2023-07,29
2023-07-07,58.741666666666674,2023,7,7,2023-07,29
2023-07-08,55.39861111111111,2023,7,8,2023-07,29
2023-07-09,61.869444444444454,2023,7,9,2023-07,29
2023-07-10,60.516083916083915,2023,7,10,2023-07,29
2023-07-11,51.26480186480187,2023,7,11,2023-07,29
2023-07-12,57.26213151927436,2023,7,12,2023-07,29
2023-07-13,57.3,2023,7,13,2023-07,29
2023-07-14,57.05694444444445,2023,7,14,2023-07,29
2023-07-15,56.63194444444444,2023,7,15,2023-07,29
2023-07-16,56.68611111111111,2023,7,16,2023-07,29
2023-07-17,57.168055555555554,2023,7,17,2023-07,29
2023-07-18,57.697222222222216,2023,7,18,2023-07,29
2023-07-19,57.26131507381507,2023,7,19,2023-07,29
2023-07-20,57.80972222222223,2023,7,20,2023-07,29
2023-07-21,58.85416666666667,2023,7,21,2023-07,29
2023-07-22,58.71111111111111,2023,7,22,2023-07,29
2023-07-23,58.393055555555556,2023,7,23,2023-07,29
2023-07-24,58.45138888888889,2023,7,24,2023-07,29
2023-07-25,58.268055555555556,2023,7,25,2023-07,29
2023-07-26,58.62361111111111,2023,7,26,2023-07,29
2023-07-27,59.0625,2023,7,27,2023-07,29
2023-07-28,59.53611111111111,2023,7,28,2023-07,29
2023-07-29,59.43438228438229,2023,7,29,2023-07,29
2023-07-30,59.49722222222223,2023,7,30,2023-07,29
2023-07-31,59.8875,2023,7,31,2023-07,29
2023-08-01,60.37620900226534,2023,8,1,2023-08,30
2023-08-02,59.61944444444445,2023,8,2,2023-08,30
2023-08-03,59.34166666666666,2023,8,3,2023-08,30
2023-08-04,59.527874902874906,2023,8,4,2023-08,30
2023-08-05,60.11017871017871,2023,8,5,2023-08,30
2023-08-06,60.50277777777778,2023,8,6,2023-08,30
2023-08-07,60.579166666666666,2023,8,7,2023-08,30
2023-08-08,59.94305555555555,2023,8,8,2023-08,30
2023-08-09,59.77638888888889,2023,8,9,2023-08,30
2023-08-10,59.384314296814296,2023,8,10,2023-08,30
2023-08-11,57.886111111111106,2023,8,11,2023-08,30
2023-08-12,58.33954933954933,2023,8,12,2023-08,30
2023-08-13,59.48611111111112,2023,8,13,2023-08,30
2023-08-14,59.168055555555554,2023,8,14,2023-08,30
2023-08-15,58.792055167055175,2023,8,15,2023-08,30
2023-08-16,59.07777777777777,2023,8,16,2023-08,30
2023-08-17,60.92222222222223,2023,8,17,2023-08,30
2023-08-18,60.5125,2023,8,18,2023-08,30
2023-08-19,58.94583333333334,2023,8,19,2023-08,30
2023-08-20,59.9125,2023,8,20,2023-08,30
2023-08-21,60.420833333333334,2023,8,21,2023-08,30
2023-08-22,59.26388888888889,2023,8,22,2023-08,30
2023-08-23,59.44513403263403,2023,8,23,2023-08,30
2023-08-24,58.46666666666666,2023,8,24,2023-08,30
2023-08-25,58.90555555555555,2023,8,25,2023-08,30
2023-08-26,59.05694444444445,2023,8,26,2023-08,30
2023-08-27,59.96944444444445,2023,8,27,2023-08,30
2023-08-28,59.53333333333334,2023,8,28,2023-08,30
2023-08-29,58.920833333333334,2023,8,29,2023-08,30
2023-08-30,59.2136557886558,2023,8,30,2023-08,30
2023-08-31,58.14583333333333,2023,8,31,2023-08,30
2023-09-01,58.4189491064491,2023,9,1,2023-09,31
2023-09-02,59.63055555555555,2023,9,2,2023-09,31
2023-09-03,60.8202602952603,2023,9,3,2023-09,31
2023-09-04,60.891666666666666,2023,9,4,2023-09,31
2023-09-05,61.88472222222223,2023,9,5,2023-09,31
2023-09-06,58.87083333333334,2023,9,6,2023-09,31
2023-09-07,58.22638888888888,2023,9,7,2023-09,31
2023-09-08,58.91106254856254,2023,9,8,2023-09,31
2023-09-09,59.61604506604507,2023,9,9,2023-09,31
2023-09-10,61.78333333333334,2023,9,10,2023-09,31
2023-09-11,59.483925796425794,2023,9,11,2023-09,31
2023-09-12,59.031944444444434,2023,9,12,2023-09,31
2023-09-13,59.43194444444445,2023,9,13,2023-09,31
2023-09-14,59.63888888888888,2023,9,14,2023-09,31
2023-09-15,59.152777777777786,2023,9,15,2023-09,31
2023-09-16,58.50165112665112,2023,9,16,2023-09,31
2023-09-17,57.99166666666666,2023,9,17,2023-09,31
2023-09-18,58.1387334887335,2023,9,18,2023-09,31
2023-09-19,58.38756798756799,2023,9,19,2023-09,31
2023-09-20,58.87777777777778,2023,9,20,2023-09,31
2023-09-21,58.97534337229048,2023,9,21,2023-09,31
2023-09-22,60.43407148407148,2023,9,22,2023-09,31
2023-09-23,58.993055555555564,2023,9,23,2023-09,31
2023-09-24,59.21111111111111,2023,9,24,2023-09,31
2023-09-25,59.947222222222216,2023,9,25,2023-09,31
2023-09-26,59.55,2023,9,26,2023-09,31
2023-09-27,59.652777777777786,2023,9,27,2023-09,31
2023-09-28,59.64861111111111,2023,9,28,2023-09,31
2023-09-29,60.81388888888889,2023,9,29,2023-09,31
2023-09-30,61.422523310023315,2023,9,30,2023-09,31
2023-10-01,60.29722222222222,2023,10,1,2023-10,32
2023-10-02,60.5625,2023,10,2,2023-10,32
2023-10-03,60.83611111111111,2023,10,3,2023-10,32
2023-10-04,60.988888888888894,2023,10,4,2023-10,32
2023-10-05,60.15694444444445,2023,10,5,2023-10,32
2023-10-06,60.70277777777777,2023,10,6,2023-10,32
2023-10-07,60.770833333333336,2023,10,7,2023-10,32
2023-10-08,63.62222222222223,2023,10,8,2023-10,32
2023-10-09,62.836111111111094,2023,10,9,2023-10,32
2023-10-10,59.323611111111106,2023,10,10,2023-10,32
2023-10-11,60.141666666666666,2023,10,11,2023-10,32
2023-10-12,59.94444444444444,2023,10,12,2023-10,32
2023-10-13,60.1011815920398,2023,10,13,2023-10,32
2023-10-14,61.26388888888889,2023,10,14,2023-10,32
2023-10-15,60.779166666666676,2023,10,15,2023-10,32
2023-10-16,61.28475601081235,2023,10,16,2023-10,32
2023-10-17,61.331837606837624,2023,10,17,2023-10,32
2023-10-18,61.31034382284382,2023,10,18,2023-10,32
2023-10-19,60.98055555555557,2023,10,19,2023-10,32
2023-10-20,61.37916666666666,2023,10,20,2023-10,32
2023-10-21,60.89444444444443,2023,10,21,2023-10,32
2023-10-22,61.43333333333334,2023,10,22,2023-10,32
2023-10-23,60.80555555555556,2023,10,23,2023-10,32
2023-10-24,61.13194444444444,2023,10,24,2023-10,32
2023-10-25,61.18888888888889,2023,10,25,2023-10,32
2023-10-26,61.386111111111106,2023,10,26,2023-10,32
2023-10-27,61.13590835360908,2023,10,27,2023-10,32
2023-10-28,60.88333333333334,2023,10,28,2023-10,32
2023-10-29,61.49861111111111,2023,10,29,2023-10,32
2023-10-30,61.24305555555556,2023,10,30,2023-10,32
2023-10-31,61.9,2023,10,31,2023-10,32
2023-11-01,61.71944444444445,2023,11,1,2023-11,33
2023-11-02,61.37222222222223,2023,11,2,2023-11,33
2023-11-03,61.94305555555555,2023,11,3,2023-11,33
2023-11-04,61.89722222222222,2023,11,4,2023-11,33
2023-11-05,61.854166666666664,2023,11,5,2023-11,33
2023-11-06,61.16666666666667,2023,11,6,2023-11,33
2023-11-07,60.000038850038855,2023,11,7,2023-11,33
2023-11-08,61.24444444444445,2023,11,8,2023-11,33
2023-11-09,61.6625,2023,11,9,2023-11,33
2023-11-10,62.82651515151515,2023,11,10,2023-11,33
2023-11-11,60.12638888888889,2023,11,11,2023-11,33
2023-11-12,60.9369560994561,2023,11,12,2023-11,33
2023-11-13,60.781453634085224,2023,11,13,2023-11,33
2023-11-14,60.591741741741735,2023,11,14,2023-11,33
2023-11-15,60.511738351254486,2023,11,15,2023-11,33
2023-11-16,63.61641414141413,2023,11,16,2023-11,33
2023-11-17,65.02277528809219,2023,11,17,2023-11,33
2023-11-18,67.03998640248639,2023,11,18,2023-11,33
2023-11-19,59.23055555555557,2023,11,19,2023-11,33
2023-11-20,59.26127622377622,2023,11,20,2023-11,33
2023-11-21,60.63497474747474,2023,11,21,2023-11,33
2023-11-22,61.1875,2023,11,22,2023-11,33
2023-11-23,60.22361111111111,2023,11,23,2023-11,33
2023-11-24,59.0375,2023,11,24,2023-11,33
2023-11-25,60.15138888888889,2023,11,25,2023-11,33
2023-11-26,61.35694444444446,2023,11,26,2023-11,33
2023-11-27,62.32777777777778,2023,11,27,2023-11,33
2023-11-28,59.95,2023,11,28,2023-11,33
2023-11-29,60.51805555555556,2023,11,29,2023-11,33
2023-11-30,59.87222222222222,2023,11,30,2023-11,33
2023-12-01,59.75,2023,12,1,2023-12,34
2023-12-02,59.75555555555555,2023,12,2,2023-12,34
2023-12-03,60.27234848484848,2023,12,3,2023-12,34
2023-12-04,60.647222222222226,2023,12,4,2023-12,34
2023-12-05,62.53888888888888,2023,12,5,2023-12,34
2023-12-06,61.40138888888888,2023,12,6,2023-12,34
2023-12-07,61.08888888888889,2023,12,7,2023-12,34
2023-12-08,61.269444444444446,2023,12,8,2023-12,34
2023-12-09,61.04027777777778,2023,12,9,2023-12,34
2023-12-10,61.3125,2023,12,10,2023-12,34
2023-12-11,67.2125,2023,12,11,2023-12,34
2023-12-12,60.02361111111111,2023,12,12,2023-12,34
2023-12-13,58.58356807511738,2023,12,13,2023-12,34
2023-12-14,63.48611111111111,2023,12,14,2023-12,34
2023-12-15,60.695833333333326,2023,12,15,2023-12,34
2023-12-16,61.42222222222223,2023,12,16,2023-12,34
2023-12-17,58.980516705516706,2023,12,17,2023-12,34
2023-12-18,58.89345878136201,2023,12,18,2023-12,34
2023-12-19,63.26527777777778,2023,12,19,2023-12,34
2023-12-20,59.74322066822067,2023,12,20,2023-12,34
2023-12-21,59.30833333333332,2023,12,21,2023-12,34
2023-12-22,58.53296425796426,2023,12,22,2023-12,34
2023-12-23,58.668055555555554,2023,12,23,2023-12,34
2023-12-24,60.05555555555556,2023,12,24,2023-12,34
2023-12-25,59.12937062937063,2023,12,25,2023-12,34
2023-12-26,59.25788655788656,2023,12,26,2023-12,34
2023-12-27,59.86273310023311,2023,12,27,2023-12,34
2023-12-28,60.394444444444446,2023,12,28,2023-12,34
2023-12-29,60.062500000000014,2023,12,29,2023-12,34
2023-12-30,62.35138888888889,2023,12,30,2023-12,34
2023-12-31,62.16527777777778,2023,12,31,2023-12,34
2024-01-01,59.35819735819736,2024,1,1,2024-01,35
2024-01-02,60.18611111111112,2024,1,2,2024-01,35
2024-01-03,61.76527777777778,2024,1,3,2024-01,35
2024-01-04,59.81388888888888,2024,1,4,2024-01,35
2024-01-05,59.988888888888894,2024,1,5,2024-01,35
2024-01-06,59.834722222222226,2024,1,6,2024-01,35
2024-01-07,59.62638888888889,2024,1,7,2024-01,35
2024-01-08,59.15138888888888,2024,1,8,2024-01,35
2024-01-09,60.00694444444444,2024,1,9,2024-01,35
2024-01-10,61.79583333333335,2024,1,10,2024-01,35
2024-01-11,58.97083333333334,2024,1,11,2024-01,35
2024-01-12,58.82222222222223,2024,1,12,2024-01,35
2024-01-13,59.873736424394316,2024,1,13,2024-01,35
2024-01-14,60.458333333333336,2024,1,14,2024-01,35
2024-01-15,62.40836247086247,2024,1,15,2024-01,35
2024-01-16,59.15416666666666,2024,1,16,2024-01,35
2024-01-17,60.15416666666666,2024,1,17,2024-01,35
2024-01-18,61.277777777777786,2024,1,18,2024-01,35
2024-01-19,61.99539627039627,2024,1,19,2024-01,35
2024-01-20,65.70694444444445,2024,1,20,2024-01,35
2024-01-21,62.897222222222226,2024,1,21,2024-01,35
2024-01-22,60.02083333333333,2024,1,22,2024-01,35
2024-01-23,58.22316118935837,2024,1,23,2024-01,35
2024-01-24,58.016666666666666,2024,1,24,2024-01,35
2024-01-25,58.40416666666666,2024,1,25,2024-01,35
2024-01-26,59.13194444444444,2024,1,26,2024-01,35
2024-01-27,59.49722222222223,2024,1,27,2024-01,35
2024-01-28,60.56527777777778,2024,1,28,2024-01,35
2024-01-29,59.511111111111106,2024,1,29,2024-01,35
2024-01-30,59.62916666666666,2024,1,30,2024-01,35
2024-01-31,64.07777777777778,2024,1,31,2024-01,35
2024-02-01,61.78888888888889,2024,2,1,2024-02,36
2024-02-02,58.67083333333333,2024,2,2,2024-02,36
2024-02-03,66.11527777777778,2024,2,3,2024-02,36
2024-02-04,61.87777777777777,2024,2,4,2024-02,36
2024-02-05,68.16944444444445,2024,2,5,2024-02,36
2024-02-06,58.26802641802643,2024,2,6,2024-02,36
2024-02-07,59.291666666666664,2024,2,7,2024-02,36
2024-02-08,58.89166666666667,2024,2,8,2024-02,36
2024-02-09,58.74305555555556,2024,2,9,2024-02,36
2024-02-10,58.7745445504062,2024,2,10,2024-02,36
2024-02-11,59.618388106416276,2024,2,11,2024-02,36
2024-02-12,58.70277777777777,2024,2,12,2024-02,36
2024-02-13,59.634722222222216,2024,2,13,2024-02,36
2024-02-14,59.29861111111112,2024,2,14,2024-02,36
2024-02-15,59.733333333333334,2024,2,15,2024-02,36
2024-02-16,59.115277777777784,2024,2,16,2024-02,36
2024-02-17,59.94305555555557,2024,2,17,2024-02,36
2024-02-18,59.919444444444444,2024,2,18,2024-02,36
2024-02-19,65.64166666666668,2024,2,19,2024-02,36
2024-02-20,58.52361111111111,2024,2,20,2024-02,36
2024-02-21,65.15694444444445,2024,2,21,2024-02,36
2024-02-22,64.09027777777779,2024,2,22,2024-02,36
2024-02-23,59.656944444444456,2024,2,23,2024-02,36
2024-02-24,58.43194444444445,2024,2,24,2024-02,36
2024-02-25,61.766666666666666,2024,2,25,2024-02,36
2024-02-26,57.822222222222216,2024,2,26,2024-02,36
2024-02-27,57.59027777777777,2024,2,27,2024-02,36
2024-02-28,58.204166666666666,2024,2,28,2024-02,36
2024-02-29,67.31527777777778,2024,2,29,2024-02,36
2024-03-01,57.536851851851864,2024,3,1,2024-03,37
2024-03-02,57.88194444444444,2024,3,2,2024-03,37
2024-03-03,58.82777777777778,2024,3,3,2024-03,37
2024-03-04,58.94978070175439,2024,3,4,2024-03,37
2024-03-05,52.0073754789272,2024,3,5,2024-03,37
2024-03-06,28.844444444444445,2024,3,6,2024-03,37
2024-03-07,28.42627118644068,2024,3,7,2024-03,37
2024-03-08,50.417041062801935,2024,3,8,2024-03,37
2024-03-09,50.5625,2024,3,9,2024-03,37
2024-03-10,50.53333333333334,2024,3,10,2024-03,37
2024-03-11,52.03888888888889,2024,3,11,2024-03,37
2024-03-12,51.60416666666667,2024,3,12,2024-03,37
2024-03-13,49.42361111111111,2024,3,13,2024-03,37
2024-03-14,49.95694444444444,2024,3,14,2024-03,37
2024-03-15,50.14722222222222,2024,3,15,2024-03,37
2024-03-16,50.41388888888889,2024,3,16,2024-03,37
2024-03-17,52.490161227661225,2024,3,17,2024-03,37
2024-03-18,49.327777777777776,2024,3,18,2024-03,37
2024-03-19,50.394444444444446,2024,3,19,2024-03,37
2024-03-20,52.60555555555557,2024,3,20,2024-03,37
2024-03-21,50.60555555555555,2024,3,21,2024-03,37
2024-03-22,50.75138888888889,2024,3,22,2024-03,37
2024-03-23,53.6625,2024,3,23,2024-03,37
2024-03-24,58.926388888888894,2024,3,24,2024-03,37
2024-03-25,56.159722222222214,2024,3,25,2024-03,37
2024-03-26,55.4375,2024,3,26,2024-03,37
2024-03-27,48.97361111111111,2024,3,27,2024-03,37
2024-03-28,58.030555555555566,2024,3,28,2024-03,37
2024-03-29,49.69305555555555,2024,3,29,2024-03,37
2024-03-30,49.06666666666666,2024,3,30,2024-03,37
2024-03-31,51.42361111111111,2024,3,31,2024-03,37
2024-04-01,49.15555555555555,2024,4,1,2024-04,38
2024-04-02,49.943240093240085,2024,4,2,2024-04,38
2024-04-03,62.1625,2024,4,3,2024-04,38
2024-04-04,50.30972222222222,2024,4,4,2024-04,38
2024-04-05,49.22222222222222,2024,4,5,2024-04,38
2024-04-06,50.63888888888889,2024,4,6,2024-04,38
2024-04-07,49.87361111111111,2024,4,7,2024-04,38
2024-04-08,55.684110334110336,2024,4,8,2024-04,38
2024-04-09,52.240277777777784,2024,4,9,2024-04,38
2024-04-10,49.044444444444444,2024,4,10,2024-04,38
2024-04-11,49.637499999999996,2024,4,11,2024-04,38
2024-04-12,49.68055555555556,2024,4,12,2024-04,38
2024-04-13,50.209722222222226,2024,4,13,2024-04,38
2024-04-14,49.92916666666667,2024,4,14,2024-04,38
2024-04-15,51.46181041181042,2024,4,15,2024-04,38
2024-04-16,48.788888888888884,2024,4,16,2024-04,38
2024-04-17,49.794444444444444,2024,4,17,2024-04,38
2024-04-18,50.46944444444445,2024,4,18,2024-04,38
2024-04-19,50.320833333333326,2024,4,19,2024-04,38
2024-04-20,53.73952991452992,2024,4,20,2024-04,38
2024-04-21,56.59305555555555,2024,4,21,2024-04,38
2024-04-22,51.00416666666667,2024,4,22,2024-04,38
2024-04-23,52.9666181041181,2024,4,23,2024-04,38
2024-04-24,51.108177933177934,2024,4,24,2024-04,38
2024-04-25,49.1875,2024,4,25,2024-04,38
2024-04-26,50.24305555555556,2024,4,26,2024-04,38
2024-04-27,51.86111111111111,2024,4,27,2024-04,38
2024-04-28,50.43888888888888,2024,4,28,2024-04,38
2024-04-29,54.5375,2024,4,29,2024-04,38
2024-04-30,50.64855283605283,2024,4,30,2024-04,38
2024-05-01,52.886752136752136,2024,5,1,2024-05,39
2024-05-02,48.55,2024,5,2,2024-05,39
2024-05-03,49.53888888888889,2024,5,3,2024-05,39
2024-05-04,49.76527777777777,2024,5,4,2024-05,39
2024-05-05,49.23055555555556,2024,5,5,2024-05,39
2024-05-06,51.35277777777778,2024,5,6,2024-05,39
2024-05-07,48.63333333333334,2024,5,7,2024-05,39
2024-05-08,48.75555555555555,2024,5,8,2024-05,39
2024-05-09,48.82083333333333,2024,5,9,2024-05,39
2024-05-10,49.80138888888888,2024,5,10,2024-05,39
2024-05-11,49.37222222222222,2024,5,11,2024-05,39
2024-05-12,61.904166666666676,2024,5,12,2024-05,39
2024-05-13,52.19166666666666,2024,5,13,2024-05,39
2024-05-14,49.37222222222222,2024,5,14,2024-05,39
2024-05-15,49.672222222222224,2024,5,15,2024-05,39
2024-05-16,49.4530303030303,2024,5,16,2024-05,39
2024-05-17,49.27083333333333,2024,5,17,2024-05,39
2024-05-18,50.59879564879565,2024,5,18,2024-05,39
2024-05-19,51.22361111111111,2024,5,19,2024-05,39
2024-05-20,50.695833333333326,2024,5,20,2024-05,39
2024-05-21,51.393055555555556,2024,5,21,2024-05,39
2024-05-22,51.49722222222222,2024,5,22,2024-05,39
2024-05-23,51.408517871017864,2024,5,23,2024-05,39
2024-05-24,51.38194444444444,2024,5,24,2024-05,39
2024-05-25,51.147222222222226,2024,5,25,2024-05,39
2024-05-26,52.37605866355866,2024,5,26,2024-05,39
2024-05-27,54.481944444444444,2024,5,27,2024-05,39
2024-05-28,56.0375,2024,5,28,2024-05,39
2024-05-29,48.96388888888889,2024,5,29,2024-05,39
2024-05-30,50.252670940170944,2024,5,30,2024-05,39
2024-05-31,55.40694444444445,2024,5,31,2024-05,39
2024-06-01,49.875,2024,6,1,2024-06,40
2024-06-02,50.01189782439782,2024,6,2,2024-06,40
2024-06-03,49.72265928515928,2024,6,3,2024-06,40
2024-06-04,49.836111111111094,2024,6,4,2024-06,40
2024-06-05,50.347222222222214,2024,6,5,2024-06,40
2024-06-06,50.9651418026418,2024,6,6,2024-06,40
2024-06-07,50.74166666666666,2024,6,7,2024-06,40
2024-06-08,52.044444444444444,2024,6,8,2024-06,40
2024-06-09,53.518055555555556,2024,6,9,2024-06,40
2024-06-10,49.387713675213675,2024,6,10,2024-06,40
2024-06-11,49.730555555555554,2024,6,11,2024-06,40
2024-06-12,49.82083333333334,2024,6,12,2024-06,40
2024-06-13,50.584722222222226,2024,6,13,2024-06,40
2024-06-14,50.64005439005439,2024,6,14,2024-06,40
2024-06-15,50.90277777777778,2024,6,15,2024-06,40
2024-06-16,51.39166666666667,2024,6,16,2024-06,40
2024-06-17,53.10387823394266,2024,6,17,2024-06,40
2024-06-18,53.891666666666666,2024,6,18,2024-06,40
2024-06-19,50.80753690753691,2024,6,19,2024-06,40
2024-06-20,51.567080378250594,2024,6,20,2024-06,40
2024-06-21,52.57777777777777,2024,6,21,2024-06,40
2024-06-22,57.32083333333334,2024,6,22,2024-06,40
2024-06-23,54.62361111111111,2024,6,23,2024-06,40
2024-06-24,49.77777777777777,2024,6,24,2024-06,40
2024-06-25,50.2125,2024,6,25,2024-06,40
2024-06-26,50.179856254856254,2024,6,26,2024-06,40
2024-06-27,53.025,2024,6,27,2024-06,40
2024-06-28,55.70433177933179,2024,6,28,2024-06,40
2024-06-29,51.575,2024,6,29,2024-06,40
2024-06-30,49.977777777777774,2024,6,30,2024-06,40
2024-07-01,54.89583333333333,2024,7,1,2024-07,41
2024-07-02,50.79861111111111,2024,7,2,2024-07,41
2024-07-03,49.580555555555556,2024,7,3,2024-07,41
2024-07-04,49.418216427547414,2024,7,4,2024-07,41
2024-07-05,50.11527777777778,2024,7,5,2024-07,41
2024-07-06,50.42222222222222,2024,7,6,2024-07,41
2024-07-07,50.53611111111111,2024,7,7,2024-07,41
2024-07-08,50.829166666666666,2024,7,8,2024-07,41
2024-07-09,51.017395104895115,2024,7,9,2024-07,41
2024-07-10,55.03333333333334,2024,7,10,2024-07,41
2024-07-11,60.3375,2024,7,11,2024-07,41
2024-07-12,53.740277777777784,2024,7,12,2024-07,41
2024-07-13,51.49849456099456,2024,7,13,2024-07,41
2024-07-14,52.77083333333333,2024,7,14,2024-07,41
2024-07-15,52.698611111111106,2024,7,15,2024-07,41
2024-07-16,51.92083333333333,2024,7,16,2024-07,41
2024-07-17,50.202777777777776,2024,7,17,2024-07,41
2024-07-18,49.74027777777777,2024,7,18,2024-07,41
2024-07-19,50.14078282828282,2024,7,19,2024-07,41
2024-07-20,50.35972222222222,2024,7,20,2024-07,41
2024-07-21,50.768055555555556,2024,7,21,2024-07,41
2024-07-22,51.111111111111114,2024,7,22,2024-07,41
2024-07-23,50.62222222222222,2024,7,23,2024-07,41
2024-07-24,51.12916666666666,2024,7,24,2024-07,41
2024-07-25,50.726728826728824,2024,7,25,2024-07,41
2024-07-26,50.658333333333324,2024,7,26,2024-07,41
2024-07-27,50.97083333333334,2024,7,27,2024-07,41
2024-07-28,51.687499999999986,2024,7,28,2024-07,41
2024-07-29,51.83611111111111,2024,7,29,2024-07,41
2024-07-30,51.518055555555556,2024,7,30,2024-07,41
2024-07-31,52.25138888888889,2024,7,31,2024-07,41
2024-08-01,52.69033605283605,2024,8,1,2024-08,42
2024-08-02,53.12777777777778,2024,8,2,2024-08,42
2024-08-03,53.51527777777777,2024,8,3,2024-08,42
2024-08-04,55.61259712509711,2024,8,4,2024-08,42
2024-08-05,54.34143356643356,2024,8,5,2024-08,42
2024-08-06,53.74861111111111,2024,8,6,2024-08,42
2024-08-07,54.479312354312356,2024,8,7,2024-08,42
2024-08-08,54.709722222222226,2024,8,8,2024-08,42
2024-08-09,55.01527777777778,2024,8,9,2024-08,42
2024-08-10,54.2,2024,8,10,2024-08,42
2024-08-11,54.43888888888889,2024,8,11,2024-08,42
2024-08-12,54.52083333333333,2024,8,12,2024-08,42
2024-08-13,54.42500000000001,2024,8,13,2024-08,42
2024-08-14,54.88333333333334,2024,8,14,2024-08,42
2024-08-15,54.8375,2024,8,15,2024-08,42
2024-08-16,55.229166666666664,2024,8,16,2024-08,42
2024-08-17,54.8,2024,8,17,2024-08,42
2024-08-18,55.5125,2024,8,18,2024-08,42
2024-08-19,54.019628982128985,2024,8,19,2024-08,42
2024-08-20,52.60970279720279,2024,8,20,2024-08,42
2024-08-21,52.74444444444445,2024,8,21,2024-08,42
2024-08-22,52.70408896658897,2024,8,22,2024-08,42
2024-08-23,52.813888888888904,2024,8,23,2024-08,42
2024-08-24,53.355555555555554,2024,8,24,2024-08,42
2024-08-25,54.06805555555557,2024,8,25,2024-08,42
2024-08-26,54.12222222222223,2024,8,26,2024-08,42
2024-08-27,53.614568764568766,2024,8,27,2024-08,42
2024-08-28,53.772931235431244,2024,8,28,2024-08,42
2024-08-29,56.09166666666666,2024,8,29,2024-08,42
2024-08-30,59.81404428904428,2024,8,30,2024-08,42
2024-08-31,50.99305555555556,2024,8,31,2024-08,42
2024-09-01,52.06111111111111,2024,9,1,2024-09,43
2024-09-02,52.46944444444445,2024,9,2,2024-09,43
2024-09-03,53.394444444444446,2024,9,3,2024-09,43
2024-09-04,53.33006021756022,2024,9,4,2024-09,43
2024-09-05,53.386111111111106,2024,9,5,2024-09,43
2024-09-06,53.32916666666667,2024,9,6,2024-09,43
2024-09-07,53.57222222222223,2024,9,7,2024-09,43
2024-09-08,54.3375,2024,9,8,2024-09,43
2024-09-09,54.8875,2024,9,9,2024-09,43
2024-09-10,54.25060217560217,2024,9,10,2024-09,43
2024-09-11,53.08593505477309,2024,9,11,2024-09,43
2024-09-12,53.525,2024,9,12,2024-09,43
2024-09-13,54.29110334110334,2024,9,13,2024-09,43
2024-09-14,54.323611111111106,2024,9,14,2024-09,43
2024-09-15,53.80555555555556,2024,9,15,2024-09,43
2024-09-16,54.10138888888888,2024,9,16,2024-09,43
2024-09-17,54.05694444444445,2024,9,17,2024-09,43
2024-09-18,53.77638888888889,2024,9,18,2024-09,43
2024-09-19,53.679292929292934,2024,9,19,2024-09,43
2024-09-20,53.39842657342658,2024,9,20,2024-09,43
2024-09-21,53.31806062141169,2024,9,21,2024-09,43
2024-09-22,54.57638888888889,2024,9,22,2024-09,43
2024-09-23,52.130555555555546,2024,9,23,2024-09,43
2024-09-24,52.733333333333334,2024,9,24,2024-09,43
2024-09-25,54.41666666666667,2024,9,25,2024-09,43
2024-09-26,54.927777777777784,2024,9,26,2024-09,43
2024-09-27,54.99444444444445,2024,9,27,2024-09,43
2024-09-28,54.27339743589744,2024,9,28,2024-09,43
2024-09-29,53.9125,2024,9,29,2024-09,43
2024-09-30,54.69020979020979,2024,9,30,2024-09,43
2024-10-01,54.32777777777777,2024,10,1,2024-10,44
2024-10-02,59.87777777777777,2024,10,2,2024-10,44
2024-10-03,56.34816433566434,2024,10,3,2024-10,44
2024-10-04,54.22331002331002,2024,10,4,2024-10,44
2024-10-05,53.02222222222222,2024,10,5,2024-10,44
2024-10-06,54.69444444444444,2024,10,6,2024-10,44
2024-10-07,54.39305555555556,2024,10,7,2024-10,44
2024-10-08,54.57638888888889,2024,10,8,2024-10,44
2024-10-09,51.97361111111111,2024,10,9,2024-10,44
2024-10-10,52.179166666666674,2024,10,10,2024-10,44
2024-10-11,52.206944444444446,2024,10,11,2024-10,44
2024-10-12,53.15972222222223,2024,10,12,2024-10,44
2024-10-13,53.48611111111111,2024,10,13,2024-10,44
2024-10-14,53.94305555555555,2024,10,14,2024-10,44
2024-10-15,53.492783605283606,2024,10,15,2024-10,44
2024-10-16,53.57777777777777,2024,10,16,2024-10,44
2024-10-17,53.85277777777778,2024,10,17,2024-10,44
2024-10-18,53.97430665619572,2024,10,18,2024-10,44
2024-10-19,53.97537909868946,2024,10,19,2024-10,44
2024-10-20,51.94166666666666,2024,10,20,2024-10,44
2024-10-21,52.834479409479414,2024,10,21,2024-10,44
2024-10-22,55.81544289044289,2024,10,22,2024-10,44
2024-10-23,52.29583333333333,2024,10,23,2024-10,44
2024-10-24,52.925116550116556,2024,10,24,2024-10,44
2024-10-25,52.97916666666667,2024,10,25,2024-10,44
2024-10-26,53.72450466200466,2024,10,26,2024-10,44
2024-10-27,55.55833333333334,2024,10,27,2024-10,44
2024-10-28,53.95138888888888,2024,10,28,2024-10,44
2024-10-29,55.775417637917634,2024,10,29,2024-10,44
2024-10-30,52.43472222222223,2024,10,30,2024-10,44
2024-10-31,52.60335081585082,2024,10,31,2024-10,44
2024-11-01,59.24434731934732,2024,11,1,2024-11,45
2024-11-02,58.9875,2024,11,2,2024-11,45
2024-11-03,51.97143550893551,2024,11,3,2024-11,45
2024-11-04,53.17868104118104,2024,11,4,2024-11,45
2024-11-05,52.71805555555555,2024,11,5,2024-11,45
2024-11-06,52.437480574980576,2024,11,6,2024-11,45
2024-11-07,52.85844017094017,2024,11,7,2024-11,45
2024-11-08,52.41388888888889,2024,11,8,2024-11,45
2024-11-09,53.154166666666676,2024,11,9,2024-11,45
2024-11-10,55.23500388500389,2024,11,10,2024-11,45
2024-11-11,53.69166666666668,2024,11,11,2024-11,45
2024-11-12,52.82522401433691,2024,11,12,2024-11,45
2024-11-13,52.82713917916099,2024,11,13,2024-11,45
2024-11-14,53.135241433021804,2024,11,14,2024-11,45
2024-11-15,54.019444444444446,2024,11,15,2024-11,45
2024-11-16,53.979166666666664,2024,11,16,2024-11,45
2024-11-17,54.02147887323944,2024,11,17,2024-11,45
2024-11-18,52.801388888888894,2024,11,18,2024-11,45
2024-11-19,52.28537296037295,2024,11,19,2024-11,45
2024-11-20,53.644444444444446,2024,11,20,2024-11,45
2024-11-21,53.687500000000014,2024,11,21,2024-11,45
2024-11-22,53.68611111111111,2024,11,22,2024-11,45
2024-11-23,53.73965617715619,2024,11,23,2024-11,45
2024-11-24,53.60972222222222,2024,11,24,2024-11,45
2024-11-25,53.550874125874124,2024,11,25,2024-11,45
2024-11-26,57.48333333333333,2024,11,26,2024-11,45
2024-11-27,54.47777777777778,2024,11,27,2024-11,45
2024-11-28,54.28472222222223,2024,11,28,2024-11,45
2024-11-29,56.37083333333334,2024,11,29,2024-11,45
2024-11-30,51.919444444444444,2024,11,30,2024-11,45
2024-12-01,52.769444444444446,2024,12,1,2024-12,46
2024-12-02,53.231944444444444,2024,12,2,2024-12,46
2024-12-03,52.94591103341103,2024,12,3,2024-12,46
2024-12-04,52.5875,2024,12,4,2024-12,46
2024-12-05,52.74166666666666,2024,12,5,2024-12,46
2024-12-06,53.175,2024,12,6,2024-12,46
2024-12-07,53.30164141414142,2024,12,7,2024-12,46
2024-12-08,54.88978332167949,2024,12,8,2024-12,46
2024-12-09,53.27916666666666,2024,12,9,2024-12,46
2024-12-10,53.15,2024,12,10,2024-12,46
2024-12-11,53.425938967136155,2024,12,11,2024-12,46
2024-12-12,54.11707516339868,2024,12,12,2024-12,46
2024-12-13,53.9875,2024,12,13,2024-12,46
2024-12-14,52.8880808848362,2024,12,14,2024-12,46
2024-12-15,53.56944444444444,2024,12,15,2024-12,46
2024-12-16,53.670833333333334,2024,12,16,2024-12,46
2024-12-17,53.68479992229993,2024,12,17,2024-12,46
2024-12-18,53.75989827856025,2024,12,18,2024-12,46
2024-12-19,53.85555555555554,2024,12,19,2024-12,46
2024-12-20,53.42222222222223,2024,12,20,2024-12,46
2024-12-21,55.10673076923077,2024,12,21,2024-12,46
2024-12-22,52.50899886532251,2024,12,22,2024-12,46
2024-12-23,53.014287101787104,2024,12,23,2024-12,46
2024-12-24,52.902777777777786,2024,12,24,2024-12,46
2024-12-25,58.02638888888889,2024,12,25,2024-12,46
2024-12-26,56.456944444444446,2024,12,26,2024-12,46
2024-12-27,52.888519813519814,2024,12,27,2024-12,46
2024-12-28,54.71805555555555,2024,12,28,2024-12,46
2024-12-29,52.769444444444446,2024,12,29,2024-12,46
2024-12-30,53.7027195027195,2024,12,30,2024-12,46
2024-12-31,53.277777777777786,2024,12,31,2024-12,46
2025-01-01,53.74024822695036,2025,1,1,2025-01,47
2025-01-02,54.079166666666666,2025,1,2,2025-01,47
2025-01-03,53.73614024864024,2025,1,3,2025-01,47
2025-01-04,53.61319930069931,2025,1,4,2025-01,47
2025-01-05,53.94305555555557,2025,1,5,2025-01,47
2025-01-06,56.13470266040689,2025,1,6,2025-01,47
2025-01-07,53.71289821289821,2025,1,7,2025-01,47
2025-01-08,53.57222222222223,2025,1,8,2025-01,47
2025-01-09,55.19690170940171,2025,1,9,2025-01,47
2025-01-10,52.31527777777778,2025,1,10,2025-01,47
2025-01-11,52.87083333333332,2025,1,11,2025-01,47
2025-01-12,53.243055555555564,2025,1,12,2025-01,47
2025-01-13,52.476388888888906,2025,1,13,2025-01,47
2025-01-14,53.3375,2025,1,14,2025-01,47
2025-01-15,54.277777777777786,2025,1,15,2025-01,47
2025-01-16,53.10138888888889,2025,1,16,2025-01,47
2025-01-17,53.12083333333334,2025,1,17,2025-01,47
2025-01-18,54.270833333333336,2025,1,18,2025-01,47
2025-01-19,54.81527777777778,2025,1,19,2025-01,47
2025-01-20,53.86111111111111,2025,1,20,2025-01,47
2025-01-21,53.648465994789525,2025,1,21,2025-01,47
2025-01-22,53.47874045888752,2025,1,22,2025-01,47
2025-01-23,53.008986928104584,2025,1,23,2025-01,47
2025-01-24,52.305206033955,2025,1,24,2025-01,47
2025-01-25,51.177777777777784,2025,1,25,2025-01,47
2025-01-26,51.385622065727695,2025,1,26,2025-01,47
2025-01-27,52.404885392385395,2025,1,27,2025-01,47
2025-01-28,52.608333333333334,2025,1,28,2025-01,47
2025-01-29,51.85972222222222,2025,1,29,2025-01,47
2025-01-30,50.37719502719502,2025,1,30,2025-01,47
2025-01-31,51.841006216006214,2025,1,31,2025-01,47
2025-02-01,63.477777777777774,2025,2,1,2025-02,48
2025-02-02,52.472222222222214,2025,2,2,2025-02,48
2025-02-03,50.704166666666666,2025,2,3,2025-02,48
2025-02-04,50.272222222222226,2025,2,4,2025-02,48
2025-02-05,50.96388888888889,2025,2,5,2025-02,48
2025-02-06,50.12440753690754,2025,2,6,2025-02,48
2025-02-07,53.198611111111106,2025,2,7,2025-02,48
2025-02-08,49.670833333333334,2025,2,8,2025-02,48
2025-02-09,50.64753968253969,2025,2,9,2025-02,48
2025-02-10,50.45789627039627,2025,2,10,2025-02,48
2025-02-11,50.4772533022533,2025,2,11,2025-02,48
2025-02-12,55.062150349650345,2025,2,12,2025-02,48
2025-02-13,49.733333333333334,2025,2,13,2025-02,48
2025-02-14,50.62222222222222,2025,2,14,2025-02,48
2025-02-15,53.50138888888889,2025,2,15,2025-02,48
2025-02-16,53.240277777777784,2025,2,16,2025-02,48
2025-02-17,49.92083333333333,2025,2,17,2025-02,48
2025-02-18,50.46034382284382,2025,2,18,2025-02,48
2025-02-19,49.79500555379244,2025,2,19,2025-02,48
2025-02-20,50.32703900709219,2025,2,20,2025-02,48
2025-02-21,50.41666666666667,2025,2,21,2025-02,48
2025-02-22,50.72083333333334,2025,2,22,2025-02,48
2025-02-23,51.50138888888889,2025,2,23,2025-02,48
2025-02-24,50.79966977466977,2025,2,24,2025-02,48
2025-02-25,50.53194444444444,2025,2,25,2025-02,48
2025-02-26,49.69443473193472,2025,2,26,2025-02,48
2025-02-27,50.93611111111111,2025,2,27,2025-02,48
2025-02-28,53.18472222222222,2025,2,28,2025-02,48
2025-03-01,52.68888888888888,2025,3,1,2025-03,49
2025-03-02,53.9375,2025,3,2,2025-03,49
2025-03-03,54.384722222222216,2025,3,3,2025-03,49
2025-03-04,60.658333333333324,2025,3,4,2025-03,49
2025-03-05,49.55972222222223,2025,3,5,2025-03,49
2025-03-06,49.00555555555555,2025,3,6,2025-03,49
2025-03-07,49.521367521367516,2025,3,7,2025-03,49
2025-03-08,49.9611111111111,2025,3,8,2025-03,49
2025-03-09,50.60555555555556,2025,3,9,2025-03,49
2025-03-10,51.340277777777786,2025,3,10,2025-03,49
2025-03-11,50.41692097026604,2025,3,11,2025-03,49
2025-03-12,49.92361111111111,2025,3,12,2025-03,49
2025-03-13,50.106944444444444,2025,3,13,2025-03,49
2025-03-14,50.44027777777778,2025,3,14,2025-03,49
2025-03-15,55.58888888888889,2025,3,15,2025-03,49
2025-03-16,57.50138888888889,2025,3,16,2025-03,49
2025-03-17,50.40277777777778,2025,3,17,2025-03,49
2025-03-18,52.87083333333334,2025,3,18,2025-03,49
2025-03-19,50.89861111111111,2025,3,19,2025-03,49
2025-03-20,49.934420289855076,2025,3,20,2025-03,49
2025-03-21,43.16111111111111,2025,3,21,2025-03,49
2025-03-22,43.48888888888888,2025,3,22,2025-03,49
2025-03-23,43.63194444444444,2025,3,23,2025-03,49
2025-03-24,44.641666666666666,2025,3,24,2025-03,49
2025-03-25,50.458083645443196,2025,3,25,2025-03,49
2025-03-26,50.420833333333334,2025,3,26,2025-03,49
2025-03-27,54.80555555555556,2025,3,27,2025-03,49
2025-03-28,50.39784382284382,2025,3,28,2025-03,49
2025-03-29,49.100301087801085,2025,3,29,2025-03,49
2025-03-30,49.18194444444444,2025,3,30,2025-03,49
2025-03-31,49.915277777777774,2025,3,31,2025-03,49
2025-04-01,50.90138888888889,2025,4,1,2025-04,50
2025-04-02,50.407245532245526,2025,4,2,2025-04,50
2025-04-03,49.38194444444444,2025,4,3,2025-04,50
2025-04-04,49.76944444444444,2025,4,4,2025-04,50
2025-04-05,50.43611111111111,2025,4,5,2025-04,50
2025-04-06,49.8875,2025,4,6,2025-04,50
2025-04-07,50.35972222222222,2025,4,7,2025-04,50
2025-04-08,50.4707264957265,2025,4,8,2025-04,50
2025-04-09,50.43472222222222,2025,4,9,2025-04,50
2025-04-10,51.53194444444445,2025,4,10,2025-04,50
2025-04-11,50.00416666666667,2025,4,11,2025-04,50
2025-04-12,52.25555555555555,2025,4,12,2025-04,50
2025-04-13,57.27361111111111,2025,4,13,2025-04,50
2025-04-14,52.68888888888889,2025,4,14,2025-04,50
2025-04-15,51.418055555555554,2025,4,15,2025-04,50
2025-04-16,49.75138888888889,2025,4,16,2025-04,50
2025-04-17,49.669444444444444,2025,4,17,2025-04,50
2025-04-18,49.475,2025,4,18,2025-04,50
2025-04-19,49.91666666666667,2025,4,19,2025-04,50
2025-04-20,50.097222222222214,2025,4,20,2025-04,50
2025-04-21,50.12638888888888,2025,4,21,2025-04,50
2025-04-22,55.18611111111111,2025,4,22,2025-04,50
2025-04-23,50.11805555555556,2025,4,23,2025-04,50
2025-04-24,49.073611111111106,2025,4,24,2025-04,50
2025-04-25,49.34305555555555,2025,4,25,2025-04,50
2025-04-26,50.104166666666664,2025,4,26,2025-04,50
2025-04-27,50.37361111111111,2025,4,27,2025-04,50
2025-04-28,51.13055555555556,2025,4,28,2025-04,50
2025-04-29,49.70257936507936,2025,4,29,2025-04,50
2025-04-30,49.89549808429119,2025,4,30,2025-04,50
2025-05-01,51.06805555555555,2025,5,1,2025-05,51
2025-05-02,51.804166666666674,2025,5,2,2025-05,51
2025-05-03,50.26527777777777,2025,5,3,2025-05,51
2025-05-04,49.49444444444445,2025,5,4,2025-05,51
2025-05-05,52.15138888888889,2025,5,5,2025-05,51
2025-05-06,53.5544289044289,2025,5,6,2025-05,51
2025-05-07,49.1125,2025,5,7,2025-05,51
2025-05-08,50.00694444444444,2025,5,8,2025-05,51
2025-05-09,56.60138888888889,2025,5,9,2025-05,51
2025-05-10,50.16666666666667,2025,5,10,2025-05,51
2025-05-11,49.920833333333334,2025,5,11,2025-05,51
2025-05-12,48.91111111111112,2025,5,12,2025-05,51
2025-05-13,49.721733176838804,2025,5,13,2025-05,51
2025-05-14,49.99027777777778,2025,5,14,2025-05,51
2025-05-15,49.8125,2025,5,15,2025-05,51
2025-05-16,51.5875,2025,5,16,2025-05,51
2025-05-17,52.091666666666676,2025,5,17,2025-05,51
2025-05-18,49.3375,2025,5,18,2025-05,51
2025-05-19,49.57057109557109,2025,5,19,2025-05,51
2025-05-20,49.363888888888894,2025,5,20,2025-05,51
2025-05-21,51.852777777777774,2025,5,21,2025-05,51
2025-05-22,51.72361111111111,2025,5,22,2025-05,51
2025-05-23,49.18838383838384,2025,5,23,2025-05,51
2025-05-24,57.59305555555555,2025,5,24,2025-05,51
2025-05-25,48.50416666666667,2025,5,25,2025-05,51
2025-05-26,49.0375,2025,5,26,2025-05,51
2025-05-27,49.698611111111106,2025,5,27,2025-05,51
2025-05-28,50.079166666666666,2025,5,28,2025-05,51
2025-05-29,50.85555555555556,2025,5,29,2025-05,51
2025-05-30,50.606944444444444,2025,5,30,2025-05,51
2025-05-31,49.55416666666666,2025,5,31,2025-05,51
2025-06-01,50.387499999999996,2025,6,1,2025-06,52
2025-06-02,53.81527777777777,2025,6,2,2025-06,52
2025-06-03,59.105555555555554,2025,6,3,2025-06,52
2025-06-04,48.96805555555555,2025,6,4,2025-06,52
2025-06-05,49.573611111111106,2025,6,5,2025-06,52
2025-06-06,50.17222222222222,2025,6,6,2025-06,52
2025-06-07,50.69166666666666,2025,6,7,2025-06,52
2025-06-08,52.043055555555554,2025,6,8,2025-06,52
2025-06-09,55.84444444444445,2025,6,9,2025-06,52
2025-06-10,61.72916666666667,2025,6,10,2025-06,52
2025-06-11,51.55277777777777,2025,6,11,2025-06,52
2025-06-12,50.727777777777774,2025,6,12,2025-06,52
2025-06-13,50.51527777777777,2025,6,13,2025-06,52
2025-06-14,49.98364632237872,2025,6,14,2025-06,52
2025-06-15,49.13888888888889,2025,6,15,2025-06,52
2025-06-16,48.652777777777786,2025,6,16,2025-06,52
2025-06-17,49.40555555555555,2025,6,17,2025-06,52
2025-06-18,50.159722222222214,2025,6,18,2025-06,52
2025-06-19,50.13194444444444,2025,6,19,2025-06,52
2025-06-20,50.41111111111111,2025,6,20,2025-06,52
2025-06-21,49.45277777777778,2025,6,21,2025-06,52
2025-06-22,49.79861111111111,2025,6,22,2025-06,52
2025-06-23,50.825,2025,6,23,2025-06,52
2025-06-24,53.125,2025,6,24,2025-06,52
2025-06-25,49.12777777777778,2025,6,25,2025-06,52
2025-06-26,49.447222222222216,2025,6,26,2025-06,52
2025-06-27,49.48611111111111,2025,6,27,2025-06,52
2025-06-28,50.19166666666666,2025,6,28,2025-06,52
2025-06-29,50.56111111111111,2025,6,29,2025-06,52
2025-06-30,50.584722222222226,2025,6,30,2025-06,52
2025-07-01,50.790277777777774,2025,7,1,2025-07,53
2025-07-02,51.027777777777786,2025,7,2,2025-07,53
2025-07-03,51.418055555555554,2025,7,3,2025-07,53
2025-07-04,51.204166666666666,2025,7,4,2025-07,53
2025-07-05,50.7375,2025,7,5,2025-07,53
2025-07-06,50.545833333333334,2025,7,6,2025-07,53
2025-07-07,51.333333333333336,2025,7,7,2025-07,53
2025-07-08,52.63055555555557,2025,7,8,2025-07,53
2025-07-09,51.7375,2025,7,9,2025-07,53
2025-07-10,52.259722222222216,2025,7,10,2025-07,53
2025-07-11,52.31388888888888,2025,7,11,2025-07,53
2025-07-12,52.30416666666666,2025,7,12,2025-07,53
2025-07-13,51.520833333333336,2025,7,13,2025-07,53
2025-07-14,51.64583333333333,2025,7,14,2025-07,53
2025-07-15,50.27777777777777,2025,7,15,2025-07,53
2025-07-16,50.477777777777774,2025,7,16,2025-07,53
2025-07-17,50.352777777777774,2025,7,17,2025-07,53
2025-07-18,49.16527777777778,2025,7,18,2025-07,53
2025-07-19,49.39166666666667,2025,7,19,2025-07,53
2025-07-20,49.891666666666666,2025,7,20,2025-07,53
2025-07-21,50.13472222222221,2025,7,21,2025-07,53
2025-07-22,50.22083333333334,2025,7,22,2025-07,53
2025-07-23,50.640277777777776,2025,7,23,2025-07,53
2025-07-24,50.856944444444444,2025,7,24,2025-07,53
2025-07-25,51.18472222222222,2025,7,25,2025-07,53
2025-07-26,51.45,2025,7,26,2025-07,53
2025-07-27,51.12083333333334,2025,7,27,2025-07,53
2025-07-28,51.69305555555555,2025,7,28,2025-07,53
2025-07-29,51.52361111111111,2025,7,29,2025-07,53
2025-07-30,51.37083333333334,2025,7,30,2025-07,53
2025-07-31,51.825,2025,7,31,2025-07,53
2025-08-01,52.19722222222223,2025,8,1,2025-08,54
2025-08-02,52.75555555555555,2025,8,2,2025-08,54
2025-08-03,53.204166666666666,2025,8,3,2025-08,54
2025-08-04,52.42083333333333,2025,8,4,2025-08,54
2025-08-05,51.25277777777778,2025,8,5,2025-08,54
2025-08-06,51.75694444444444,2025,8,6,2025-08,54
2025-08-07,52.42916666666666,2025,8,7,2025-08,54
2025-08-08,51.36805555555556,2025,8,8,2025-08,54
2025-08-09,55.420833333333334,2025,8,9,2025-08,54
2025-08-10,74.79722222222223,2025,8,10,2025-08,54
2025-08-11,63.35972222222222,2025,8,11,2025-08,54
2025-08-12,48.706944444444446,2025,8,12,2025-08,54
2025-08-13,49.133333333333326,2025,8,13,2025-08,54
2025-08-14,49.858333333333334,2025,8,14,2025-08,54
2025-08-15,50.54166666666667,2025,8,15,2025-08,54
2025-08-16,50.697222222222216,2025,8,16,2025-08,54
2025-08-17,50.62499999999999,2025,8,17,2025-08,54
2025-08-18,50.92777777777777,2025,8,18,2025-08,54
2025-08-19,50.85694444444444,2025,8,19,2025-08,54
2025-08-20,50.97222222222222,2025,8,20,2025-08,54
2025-08-21,50.79482387666779,2025,8,21,2025-08,54
2025-08-22,50.39175087975088,2025,8,22,2025-08,54
